,圆明园遗址公园,天安门广场,卢沟桥,恭王府博物馆,天坛公园,南锣鼓巷,古北水镇,北京大观园,颐和园,雍和宫,北海公园,什刹海公园,地坛公园,莲花池公园,景山公园,北京798艺术中心,北京奥林匹克森林公园,八达岭长城,日坛公园,香山公园,世界公园,明十三陵景区,十渡风景区,北京鲁迅博物馆,八大处公园,故宫博物院,京东石林峡景区,玉渊潭公园,北京青龙峡风景区,慕田峪长城,中国国家博物馆,北京西山国家森林公园,明城墙遗址公园,潭柘寺,北京园博园,首都博物馆,中国考古博物馆,朝阳公园,中国电影博物馆,国家自然博物馆,北京温榆河公园,首钢园,法源寺,雁栖湖景区,百望山,中山公园,海淀公园,南海子公园,京东大溶洞旅游区,北京凤凰岭景区,紫竹院公园,陶然亭公园,中国航空博物馆,白塔寺,龙潭公园,妙峰山风景区,黄花城水长城,石花洞风景名胜区,中国人民革命军事博物馆,北京野生动物园,百里山水画廊,中国地质博物馆,龙庆峡风景区,北宫国家森林公园,北京南宫旅游景区,元大都城垣遗址公园,南苑森林湿地公园,天安门,白瀑寺,红螺寺,中国海关博物馆,圣莲山风景区,北京平谷金海湖风景区,顺义奥林匹克水上公园,玉渡山风景区,中央电视塔,通州大运河森林公园,天主教北京教区西什库教堂,白云观,北京动物园,北京欢乐谷,北京大运河博物馆,大觉寺,后海公园,鼓楼,灵山自然风景区,智化寺,北京天文馆,居庸关长城,紫谷伊甸园,中国美术馆,戒台寺,孔庙和国子监博物馆,北京海洋馆,北京环球度假区,周口店北京人遗址博物馆,北京汽车博物馆,三里河公园,北京雁栖湖西山步道,绿心森林公园,银山塔林,北京孔庙,中央美术学院-美术馆,北京后花园(白虎涧)风景区,亮马河国际风情水岸,中国人民抗日战争纪念馆,北京中华民族博物院,泡泡玛特城市乐园,北京石景山游乐园,国家植物园-北园,北京世界花卉大观园,温都水城,北京国际鲜花港,中国紫檀博物馆,中国工艺美术馆,北大红楼,梨树沟休闲谷,念坛公园,中国科学技术馆,翠湖国家城市湿地公园,国家植物园,鬼笑石,毛主席纪念堂,北京世园国际旅游度假区,午门,龙潭中湖公园,野鸭湖国家湿地公园,中国园林博物馆,司马台长城游览区,清凉谷风景区,北京古代建筑博物馆,海棠花溪,八达岭水关长城,黑龙潭,天安门广场-国旗,平谷桃花海,黑龙潭自然风景区,北坞公园,万寿山,张坊宋辽古战道,中国地质大学(北京)博物馆,永宁古城,小汤山现代农业科技示范园,窦店清真寺,松山森林景区,碧霞元君祠,南宫温泉水世界,前门大街,郎园STATION,北京世园飞行营地
圆明园遗址公园,0,61.5,36.8,37.1,62.3,43.3,132.6,53.3,20.2,43,43.1,33.5,39.9,34.8,43,43.8,43.7,78.6,57.8,36.5,39.2,51.4,110.3,35,70.5,49.5,113.2,41.4,91.5,94.7,67.4,91.2,55.6,76.8,58.8,47.3,32.1,37,46.9,61.5,46.6,40.3,50.5,77.1,37.9,55.7,23.8,56.2,103,66,34,56.6,57,37.8,56.6,87.2,101.2,69.3,47.9,138.8,143.3,41.8,95.5,47,50.1,29,45.9,58.4,91.5,74.1,58.5,112,107.3,77,114.5,43.2,80.6,41.5,36.7,37.8,56.8,77.3,54.5,34.5,37.9,110.2,53.5,38.3,60.7,49.8,50.6,53.1,42.6,36.8,82.3,76.6,40.8,55.2,72,79.6,83.5,38.9,38.1,52.1,51.1,35.5,27.8,40.8,34.5,47.4,43.2,45.4,87.9,58.6,33.4,48.1,124.8,57.5,36.5,48.3,31.7,50.5,60.4,85.8,53.3,61.9,112.4,48.6,161.4,130.4,59.4,27.4,69.3,156.7,59.4,131.9,110.8,29.5,20.1,83.1,23.2,93.7,49.2,58.4,102.3,97.6,51.9,56.1,48.7,82.2
天安门广场,47.4,0,32.8,21.1,15.5,26.5,129.6,24.9,36.4,30.1,17,21,26.1,19.9,17.5,35.1,55.4,83.4,22.4,45.6,33.8,63.5,107,23.5,81.3,14.3,97,26.3,88.1,91,14.4,103.1,13.7,71.8,54.9,17.8,38.8,29.6,36.3,17.4,43.3,37.2,14.6,73.9,53.2,16.6,31.1,41.7,87.6,71.9,28.2,19.5,60,20.1,16.9,83.5,114.1,64.8,22.3,124.8,160.8,17.9,105.7,41.6,45.9,33,30.7,6.9,102.1,71.2,14.8,107.5,91.8,74.2,120,27.2,48.2,18.9,17.9,29.6,28.1,44.7,56.2,23.6,25.1,107.3,23,32.5,64.3,44.7,21.2,47.6,36.8,31.4,52.2,72.1,33.1,9.1,68.9,47.8,96.3,37,34.7,64.3,42.5,30.9,32.1,32.2,33.9,57.2,29.1,55.8,72.8,29.9,42.4,20.1,107.8,42.7,48,65.4,41.5,60.4,2.1,90.5,16.5,22.9,115.4,43.7,156.4,124,15.2,31.7,73.4,156.7,2.9,116.2,105.7,42.1,36.8,78.7,32.7,109.5,45.8,54.5,107.5,94.6,46.9,8.4,33.2,86.6
卢沟桥,40.7,49.8,0,37.8,31.9,45,139.2,29.4,32.6,44.8,53.1,35.7,49.1,25.6,52.5,53.5,60.2,85.1,46.7,30.9,18.2,62.2,78.8,41,66.1,51.8,114.2,25.9,97.6,100,47.7,88.1,46.5,57.6,40.6,37,40.5,45.7,51.5,37,53.5,23.5,29.7,83.9,48.2,47.7,26.9,35.4,104.1,56.6,34.5,27.5,63.7,41.7,30.2,68.7,113,43.4,35.6,112.4,155.1,44.1,106.8,29.7,21.4,37.2,24.9,55.3,94.5,81.3,40.8,92.1,109,83.7,116.8,23.9,61.9,43.9,29.1,35.3,35.5,57.4,42.5,34.5,41.5,93.2,45.1,42.9,65.2,20.4,57.8,33.6,41.4,39.7,59,48,19.3,41,79.5,56.9,93.5,41.5,46.3,57.3,59.6,1.9,36,49.2,26.1,42.4,21.6,57,91.6,51.6,43.1,55.2,126.6,33.5,49.1,47.3,26.9,46,48.5,88.4,54.5,31.9,114.4,29.6,167.7,135.8,34.8,36.2,74.4,167.9,57,133.9,116.3,32.1,32.1,53.1,35,105,57.6,29.5,104.6,103.8,22.8,39.7,58.6,85
恭王府博物馆,41.8,27.9,44.6,0,47.2,15.4,116.5,33,27.2,15.2,8.8,2.6,14.9,27.5,9.4,28.1,41,66.4,30.1,39.2,42.6,46.2,111.7,15.8,74.6,13.9,89,20.4,76.9,79.7,24.4,95.5,26.6,77.8,64.6,26,24.3,23.6,28.3,30.5,31.3,41.1,26.9,62.1,44.7,22.7,21.9,53.5,79.3,61.8,16.9,32.5,44.2,15.6,26.8,87.5,96.4,74.3,30.5,139.4,139.5,13.8,87.5,50.7,57.9,17.7,41.5,26,84.4,59.6,28.7,116.6,84.4,61.2,101.3,22.3,60.1,9.6,26.8,18.3,41.4,55.8,52,4.5,7,108.9,24.1,25.7,47.1,53.7,19.7,56.5,11.2,24,66.7,82.8,42.1,28.2,56.5,58.8,78.6,10.8,27,46.6,37.9,42.4,15.4,27.3,34.6,51,38.1,39,65.6,37.9,25,17.5,99.7,51.7,29.6,47,34.5,53.6,28.3,73.2,18.7,29.8,98.4,53.2,144.3,112.3,27.7,13,56.4,143.7,27.2,108.7,93.9,32.3,27.2,85,19.5,90.2,33.9,66.3,90.1,88.3,59.9,27.9,28.7,69.5
天坛公园,56.1,20.1,29.2,42.1,0,38.7,132.2,20.4,45.1,28.1,36,41.6,30,23.4,33.8,39.3,76.7,91,27.1,50.3,31.5,69.7,102,35.4,86.2,29.2,100.4,34.8,91.1,93.7,20,108.2,17.4,76,59.4,33,43.5,30.6,39.5,4.5,46.1,42.4,12.2,76.8,62.5,30.2,39.5,28.6,90.6,75.5,43,11.4,63.4,33.9,8.3,88.4,114.7,69.2,38.1,121.4,166.2,32.2,110.3,46.5,41.6,51.2,22.4,26.1,109.1,73.8,17.9,110.9,95,77.8,124.3,42.2,47.3,32.4,33,46.4,22.8,43.5,61.2,30.6,42.6,112.8,23.2,47.5,71.3,42.4,31.4,52.4,41.4,46.4,50.4,67.5,31.3,11.2,72.6,47.5,103.6,41.5,39,70.8,43.4,27.1,36.6,33,39,62.3,20.4,65.4,77.8,28,62.5,30,111.4,39.9,53,65.6,46.3,64.9,19.8,96.8,29.6,9.2,122.8,48.5,160.8,128.1,7.6,36.4,80.5,160.7,22,120.3,109.5,46.6,45.1,74.6,47.9,116.1,50,50.7,113.2,99.2,43.4,12.5,31.8,93.5
南锣鼓巷,41.8,26.9,47.3,12.2,41.8,0,114.7,36.1,31.3,12.2,11.8,11.8,11.3,29.8,9.5,32.4,36.8,73.8,28.6,46.4,45.4,54.2,115.4,19.6,81.1,12.8,88.1,22.9,74.2,77.1,24.2,102,26.6,79.5,66.7,33.1,20.8,27.2,25,35,29.4,43.9,36.5,59.9,48,26.3,25.9,48.5,82.6,69.5,18.9,38.7,45.4,19.3,23.1,90.2,97.5,76.6,37.9,140.4,149.7,17.4,94.9,53.1,60.6,14.5,44.2,25.2,92.8,57.2,27.8,119.4,83.6,59.1,109.6,24.5,57.2,13.1,35.2,20.1,38.8,53.7,59.7,14.1,9.3,111.8,22.8,21.1,55.2,56.2,15.4,59.1,6.8,22.8,58.4,85.3,44.7,27.5,55.3,56.4,85.7,6.8,26.9,54.3,40,45.1,19.6,30.2,37.2,57.6,40.5,47.9,67.4,42,22.2,13.1,98.8,53.8,30.4,53.3,41.5,61.1,23.1,80.3,16.7,50.1,106.5,55.4,142.8,111.4,33.8,14.8,63.9,143.6,25.6,128.7,92.8,36.2,31.3,87.6,23.8,98.9,32.6,69.2,97,80.1,62.8,26.9,33.2,76.6
古北水镇,131.1,141.8,138.1,120.5,140.6,126.9,0,143,122.6,115.8,126.9,118.5,112.8,134.8,130.1,113,118.7,136.2,137.5,129.1,143,115.9,202.4,126.7,163.1,137.3,102.4,134.4,100.6,107.6,139.5,181.8,132.4,163.2,160.1,136.9,109.3,113.8,111.5,145.5,94.7,134.5,147.7,90.2,135.6,141.3,118.9,147.6,102.5,127.8,127.7,150.9,100.8,130.8,133,158.8,135.8,161.7,138.5,251.4,183.8,128.7,156.2,137.2,148.3,112.7,142.8,146.2,153,88,135.3,204.2,113.8,82.8,171.7,130.9,143.2,127.6,139.7,128.4,131.6,128.2,119.5,121.5,124.6,181.2,129.4,129.7,116.4,150.1,133.1,144.2,114.7,127.2,130.1,168.6,146.2,140.6,85.7,127.7,131.5,115.2,110,114.2,127.3,138.5,110.5,116.9,131.7,139.5,145.4,104.3,86.6,123.8,108.5,134.4,107.6,151.3,115.6,115.4,125.5,147.9,141.3,141.4,138.6,134.8,168.4,149.6,69.2,115.4,146.9,113.4,125.7,164.4,147.6,119.4,96.9,127.6,121.1,175.7,117.9,175,87.5,155.5,160.4,72.2,146.9,142.5,115.3,138.8
北京大观园,47.4,31.9,22.4,34,17.3,40.2,141.9,0,36.4,41.1,36,31.2,38.7,17.1,35.1,49.1,65.8,89.9,33.4,42.5,20.4,69.4,94.7,24.5,77.9,33.9,108,26.6,102.6,105.2,31.4,99.6,32.2,68.7,52.2,22,45.5,38.4,47.2,16.8,57.6,34.2,11.2,87.8,53.5,29.8,31.3,32.5,97.8,68.5,33.3,10.1,68.2,26.8,15.4,80.4,123.5,62,27.6,106.2,168.5,29.5,111.5,38.8,35.2,44.2,21.6,37.9,112.5,85.6,25.1,104.5,102.8,87.4,128.1,24.8,55.5,28.9,18.9,35.6,30.9,52.1,52.9,30.7,37.7,104.4,30.6,37.1,71.4,31.4,43.5,44.9,37.6,38.5,54.5,61,21.4,21.8,83.2,52,105.3,37.9,49,71,50,22.1,40.4,39.7,30.6,53.8,14.8,61.9,85.5,34.7,47.5,37.1,120,29.2,54.2,56.9,38.2,57,29.4,97,36,18.1,125.9,40.7,173.2,139.2,16.9,40.1,79.7,172.6,33.8,128.6,120.4,37.1,35.6,67.6,38,117.3,60.4,43.7,114.4,107.2,37.1,22.7,38.7,93.2
颐和园,22.8,56.8,30.3,32.6,54.4,36.1,123.7,38.1,0,38.5,39,27.2,37.1,29.4,37,39.6,34.1,67,50.8,23.9,32.5,44.6,99.9,27.2,58.8,42,101.8,24,81.7,85.1,53.3,80.6,50.9,65.2,47.9,35.1,26,34.9,37.1,50.4,37.9,29.5,41.4,68.3,22.4,49.6,14.1,52.4,92.3,50.5,22.4,48.5,46.5,34.1,48.8,76,94.5,58.2,30.2,130.2,137.1,32.8,88.3,36,41.6,25.3,39.2,54.9,83.7,65.3,49.4,99.7,97,68.2,104.7,22.6,72.1,32.3,31.2,27.7,53.5,68.6,38.9,25.6,34.3,97.4,44.5,31.2,47.4,37.4,42.1,41.5,33,30.3,77.6,67.4,33.3,46.3,63.6,71.3,77.3,33.1,34.2,44.8,48.1,28.6,23.7,37.7,23.4,35.4,35.6,37.6,78,49.5,26.4,39.5,113.8,49.8,27.1,33.7,19.8,39.2,57.1,73.9,45.1,46.2,99,37,152.3,121.4,48.4,23.6,56.9,150.8,56,122.6,102,21,3.1,70.8,28.1,86.8,41,49.7,92,89.2,41.9,46.1,41.3,70.4
雍和宫,40.8,24.6,47.6,11.6,30.2,17.4,112.3,37.1,30.5,0,24.8,9.3,7.9,30.8,21.8,21.9,36.8,68.5,23.6,41,46.1,49,116.7,19,76.6,25,84.2,23.6,71.3,73.8,23.6,97.8,19.9,80.2,67.7,29.1,22.6,24,21.4,33.2,27.3,43.6,35.3,57.6,47.2,40.3,25.5,47,74.5,64.1,20.4,38.8,44,20.5,20.1,91.5,94.2,78,33.6,140.5,143.8,29.9,91.2,54.5,61.1,13.9,40.8,34.9,88.8,55.1,21.4,121.4,77.6,57.6,105.5,25.4,54.9,25.4,30.1,20.8,36.3,51.8,54.4,12,11.1,112.6,18.2,21.9,49.6,57.1,21.8,60.1,2.6,23.7,60.3,85.8,45.1,27.1,53.4,53.9,82.6,3.1,23.8,49.2,32,45,17.7,22,37.1,52.7,41.4,46.7,59.2,33.4,23,22.9,95.6,54.5,31.5,47.8,36.8,55.6,24.9,75.9,29.6,23.1,100.8,55.9,141.7,111.8,35,17.3,58.1,140.7,36.7,103.6,92.2,35.3,30.7,88.5,26.4,93.1,31,68.5,93.1,82.3,62.2,28.4,24.6,72.2
北海公园,41.9,23.7,44,8.1,37.8,14.7,120.3,32.9,31.1,20.2,0,7.3,18.6,27.3,4.6,37.3,45.2,69.7,25.9,41.1,42.2,49.9,113.5,12,76.3,11.1,92.6,25.3,79.7,82.2,21.1,97.6,34.2,83,65,26.2,25.3,31,34.5,26.8,35.1,47.1,24.3,65.6,48.1,19.9,25.8,66.2,83.8,65.6,20.8,29.1,48.4,11.8,25.5,94.5,100.3,75.1,31.4,136.9,144.4,10.3,92.7,51.4,57.3,21.1,41.5,22.1,89.2,63.4,28.2,118.6,87.8,66.8,106.4,26.5,58.6,5.5,28.6,25.3,41.2,55.6,56.2,8.9,11.2,115,21.2,26.2,50.8,53.6,14,57.4,15.5,28,74.7,82.6,41.3,24.1,60.8,58.2,82.5,15,33,50.5,50.6,42,19.3,40.1,40.4,54,37.7,43.5,69.7,47.1,28.5,11.2,104.7,50.9,33.9,49.2,38.6,56.8,24,77.1,15.1,28.5,100.9,53.1,148.3,118,24.9,16.6,59.4,147.8,23,113.6,99.1,36.6,31.6,86.3,25.3,94,38.2,65.3,93,92.7,58.8,22.9,47.8,73.3
什刹海公园,36.2,28.7,41.4,2.9,32.8,12,115.3,30.3,25.1,12.3,10.9,0,13.3,25,10.9,26.4,39.9,63.5,27.2,36.7,39.6,43.9,110.8,13.6,74.5,16.2,87.6,18.8,73.8,76.8,27.5,95.7,24.1,74.7,62.8,23.6,21.1,24.7,27.2,32.9,29.4,38.9,32.4,59.7,42.1,25.2,19.8,50.5,78.2,58.7,15.3,34.7,41.7,14.5,24.2,85.1,93.4,72.9,28.3,134.8,136.8,15.2,86,48.9,54.8,15.7,38.7,27.1,82.1,56.9,25.2,116.5,81.5,59.2,99.5,20,60.5,11.4,23.9,16.5,39.5,56.9,49.5,2.9,3.2,106.8,20.7,16.9,43.8,50.9,19.3,54.6,9,19.2,64.2,80.2,38.9,30.4,54.3,59.5,75.8,8.6,25.4,43.9,39.5,38.2,13.1,28.7,31.8,49.4,34.7,36.3,63.8,37.7,22.5,16.7,99,48.2,28,42.4,32.1,48.8,29.4,70.7,19.8,27.1,94,50.7,142.3,112.1,30.6,11.1,52.6,141.4,28.6,108.6,92.8,27.7,24.9,83.2,16.9,87.4,32,62.1,87,86.5,55.6,28.1,29.4,66.6
地坛公园,38.8,33.1,41.6,13.5,32.3,17.9,110.1,36.4,28.6,8.1,20.1,11.3,0,30.5,18.1,28.2,34.1,69.2,26.7,40.8,46,48.7,113.7,19.8,77.3,20.2,89.3,24.7,69.6,72.2,28,98.4,24.1,81.2,68.9,29.7,20.5,22.8,24.8,37.3,25.3,45.5,33.8,55.9,45.1,36.1,23.3,50,79.9,64.5,20.8,43.1,42.3,21,24.5,92.3,92.1,79.1,34.4,141.8,143.5,24.9,90.9,56.1,54.9,12.1,45.3,30.5,89.6,53.3,24.6,121.8,81.7,56.2,105.9,26.3,60.1,21.8,29.8,23.5,39.9,56.4,54.8,13.7,13.7,113.6,20,24.9,49.6,54.5,22.7,61.5,7.4,26.5,67.8,80.1,45.9,30.8,51.2,59.1,79.3,9,21.6,49.6,38.3,40.1,19.2,28.6,38.6,52.5,41.8,43.9,64,38.1,20.3,18.8,101,55.2,29.2,47.5,36.9,55.4,29.4,75.8,24.8,27.1,101.2,57.2,139.8,109.1,38.5,15.6,58.3,137.3,31.3,109.7,89,33.8,28.1,87,23.7,93.4,28.1,62.9,93,75.8,56,33.3,29.9,72.1
莲花池公园,34.3,33.5,20.2,28.7,33.9,35.5,130.4,18.4,23.9,35.2,36.1,26.3,31.9,0,35.5,46.5,51.7,77.5,41.3,31.4,22.1,57.1,92.7,23.4,66,34.2,111.8,15.6,89.5,92.3,30,87.2,30.7,57.8,41.6,18.5,33.1,48.4,44.7,29.4,45,24.9,21.1,75.8,40.4,30.3,18.9,36.2,102.5,58.3,18.1,21.1,56.4,26.6,23.8,69.8,107.6,52.1,18.7,116.8,153.2,27.9,104.7,29.4,32.8,32.1,25.6,38,96.4,73,32.8,94.5,106.9,74.7,116.5,14.6,67,28,10.7,26.9,36.1,63.5,43.2,26.1,32.5,93.9,37.2,27,59,32.7,48.1,34.9,32.5,25.9,59.6,58.8,23.3,25.7,70.9,57.1,89.8,32.6,40.8,58.7,62.7,18.6,28.1,51.8,21.9,42.9,22.3,52.1,86.9,47.7,35.1,37.7,123.4,35.1,41.4,47.8,28.1,45.9,31.6,85.7,36.9,25.7,111.9,30.9,159.1,128.4,27.6,27.8,67.2,159.1,38.8,133.1,108.9,26.9,24.4,65.2,28.5,102.2,48.1,41.2,103,95.5,34.4,25.6,51,81.8
景山公园,43.8,19.7,44.6,12.4,28.1,13.7,122.9,34.6,32.8,18.4,8.3,11.8,18.4,28.5,0,35.6,42,73.5,23.1,47,43.5,53.5,116.6,14.7,84.5,7.5,138.3,27.5,80.5,83.5,17.9,106.7,25,85.5,66.4,28.9,27.3,30.8,32.8,29,36.1,49.6,25.2,66.8,49,20.7,27.8,56.1,130,69.2,22.3,31.1,53.2,14.8,22.9,96.5,103.4,77.2,33.2,138.4,149.4,12.1,96.2,53.9,57.5,21.3,45,16.9,93.2,63.9,22.4,120.5,135.2,70.7,110.2,29,61.3,8.9,29.4,26.8,39.8,57.9,59.9,13.5,14.4,118.2,18.6,27.6,55.1,56,8.7,59.6,19.6,29.4,65.8,82.8,43.3,19.6,61.6,60.2,86.2,19.7,31.4,54.9,46.6,43.1,21.5,36.4,43.1,60.1,44.9,47.7,73.6,41.2,28.8,6.3,149.7,53.2,37.1,53.3,43.1,61.2,16,81.1,10.6,25.9,106.2,55.2,150.6,119,26.9,21.1,63.2,148.6,17.8,158.9,99.2,37.9,32.7,89.5,26.9,99.2,39.1,65.5,98.8,86.9,59,20.3,44.1,77.4
北京798艺术中心,44.4,35.6,48.4,24.6,38.6,29.7,111.6,48,35.6,28.1,34.1,22.6,31.4,41.7,30.1,0,34.4,72.7,33,41.9,57.1,52.5,122.5,30.2,77.2,32.5,82,35.9,70,73.2,34.5,98.4,31,87.7,71.8,39,26.6,22,11.2,44,25.9,52.4,45.9,56.1,47.7,46.3,30.6,44.2,70.6,69.8,31.6,49.5,42.2,33.1,31.2,99.2,93.6,82.3,44,144,148.3,33.9,95.1,59.6,61.9,24.3,47.3,41,93.4,53.3,34.1,126.6,74.5,56.3,110,37.5,45.6,34.4,40.7,35.4,31.8,42.9,61,24.3,24.5,122.6,26.5,36.6,53.4,60.9,29.9,65,21.9,37.9,50.9,87.5,55.7,36.8,51.2,44.7,80.1,20.9,16.9,54.3,35.2,47.1,22.1,25.1,46,53.3,49.4,44.6,56,23.8,23,31.4,93.4,58.4,35.7,49.9,37.7,56.2,34,80.3,36.2,33.6,105.7,60.7,140.7,109.4,44.7,24.2,61.9,139.6,38.8,101.1,89.7,39.8,35.1,95.2,29.9,98.2,28.8,69.8,98.2,79.8,63,37.8,15.7,76.4
北京奥林匹克森林公园,41.6,65.3,50.6,36.6,67.4,48.5,122.8,60.7,32.3,45.2,43.5,38.2,41.8,49.1,50,38.8,0,70.3,62.8,37.9,52.4,49.5,119.2,43.1,74.4,53.9,104.3,44.1,80.9,84.5,65.7,95.4,60.5,82.5,65.5,52.8,21.7,40.2,37.3,74,37.2,46.5,61.8,67.3,43.3,59.1,35.9,70.4,94.5,67.1,41.8,63.9,57.2,43.3,60.9,96,99.5,76.3,51.9,148,143.2,41.8,93.5,53.5,58.1,30.4,67.2,63.2,90,64.7,61.7,121.7,98.4,67.8,107.4,44.8,72.1,41.5,51.6,46.3,58.7,69.1,58.5,34.1,42.5,117.1,57,46.8,50.1,54.8,54.9,58.5,44.2,44.9,77.9,83.9,53.5,68.9,62.9,71.5,82.2,44.6,38.8,50.7,55.2,48.6,30.6,44.5,41.8,50.5,55.8,41.8,77.5,49.1,20.5,52,116.6,67,22,46.2,34.7,53.4,65,77.3,59.8,64.6,101.9,54.8,154.1,121.9,63.4,31.9,59,151.7,65,124.2,101.9,35.5,31.1,90.7,31.5,92.3,40.3,66,96,89.9,58.6,68.1,40.7,73
八达岭长城,74.5,94,88.4,68.7,101.2,77.8,138.3,92.3,67.8,75.7,75.1,66.7,72.8,86,75.6,79.6,73.2,0,91.2,73.6,86.2,47.4,138.7,74.8,110,82,129.2,78.2,98,110.5,93.1,131.8,88.2,101.2,98.2,82.3,64.5,78.8,77.8,96.2,62,72.3,91.5,83.9,74.7,90.7,65.8,102.3,118.4,66.4,73.8,94.7,52.3,74.8,88.9,95.5,97.2,99,87.8,187.7,93.1,73.4,43.6,73.2,83.9,68.5,100.8,90.4,81.4,81.7,88.4,142.1,122,79.9,55.9,79.3,100.7,73,84,76.2,98.2,95.8,57.2,65.6,71.7,125.8,83.7,77,32.9,88.8,85.3,80.7,73.6,75.1,97.5,103.9,88.2,92.9,78.7,94.5,79.4,73.2,76.5,45.8,93.2,86.5,67.2,82.3,76.9,84.3,97.3,60.9,93.8,90.2,65.3,82.6,141.2,96.9,65.5,51.7,69.2,88.5,91.5,28.4,86.1,92.2,58.7,86.2,167.5,136.3,93.9,67.7,25,108.4,90.5,149,116.2,70.9,65.4,109.4,60.6,44.2,62.9,88.8,47.2,103.4,81.5,92.4,82.1,30.7
日坛公园,49,25.7,41.4,20.1,24.2,27.4,125.4,34.9,38.4,20.1,25.7,18.9,21.9,39.7,22.3,35.2,47.4,79.5,0,49.2,36.4,57.8,118.6,32.2,85,16.3,95.2,31.2,83,85.5,23.8,107.2,18.6,89.1,77.7,37.9,36,24.7,31.6,30.4,38,59.5,34.6,68.9,55.5,32.7,33.3,31.1,85.5,74.4,27.8,36.4,55.4,31.9,18.3,101.6,107,88.5,42.6,129,155.5,29.9,102,64.5,53.7,26.9,27.6,24,99.7,66.2,12.8,130.3,86.5,70.4,116.8,33.3,40.5,26.8,38,31.4,20.5,37.4,64.7,19.9,20.9,121.8,9.8,33,59.8,47.7,17.4,70.7,19.9,34.6,44.6,79.8,36.2,23.5,64,40.6,94.7,17.8,29.8,59.5,40.4,39.6,25.9,30.2,46,61.9,29.4,56.6,69,23.3,37.4,17.1,106.6,45.4,44.6,57.3,45.8,65,23.6,87.1,19.8,20.3,112.7,66.1,152.9,121.1,31.7,25.2,68.8,152.2,24.7,115.6,102.1,49.8,38.3,92.2,31.8,105.6,40.9,62.8,104.1,93.1,55.9,24.3,37.4,82.9
香山公园,28.3,62.4,30.6,38.3,50.1,50.9,131.1,41.1,27,48.9,44.7,41.5,47.2,32.6,45.1,47.3,41.4,74.3,64.9,0,39.5,50.9,96.6,41.1,38.7,57.6,111.5,30.9,90,92.6,53.5,59.8,55.4,63.6,45.8,41,33.5,45.9,45.5,49.5,45.5,28.9,39.5,76.3,38.9,52.9,31.9,50.5,102.4,65.5,36.5,45.7,52.6,47.6,48.3,76.9,101.1,56.9,36.9,129.7,142.7,47.7,94.1,33.5,39.5,36,45.7,60.8,89.3,73.5,63.8,98,104.6,76.1,111,29.5,82.6,47.5,37.4,42.6,57.4,79.2,43.9,40.8,44.5,95.3,59.5,43.6,53.7,36,56.9,38.9,47.4,41.4,79.5,64.9,40.7,48.8,71.4,77.5,83.5,47.6,45.7,51,60.1,29,35,49.4,22.4,29.1,42.8,45.3,86.8,58.6,34,54.6,124.2,48.1,34.4,47.7,18.6,26.6,63.2,81,61.1,49.6,106.8,35,159.8,126.2,48.4,34.8,63.2,157.3,62,134.3,108,21.5,25.9,69.4,33.7,93.2,48.9,47.7,98.5,95.5,39.7,46.1,49.8,78
世界公园,47.4,46,20.3,43,29.9,50,144.9,25.2,36.9,49.4,45,40.2,51.4,25.8,50.4,54.1,64.1,92.9,40.6,41.5,0,70.7,94,35.9,77,49.5,121.8,30.3,103.3,105,44.6,98.8,42.9,68.2,51.9,33,44.5,38.6,54.9,30.2,57.6,35.4,29.4,88.3,53.3,45.8,31.9,28.8,112.8,68.4,37.9,26,69.7,38.7,28.3,82.5,124.5,54.6,36.6,106.2,166.5,41.5,116.4,39.4,35.1,42.4,16.9,52.2,106.1,86.1,38.6,105.1,114.1,88.1,131.2,29.7,53.9,41.1,31.1,41.1,27.5,48.8,53.2,39.5,45.9,104,82,45,74,20.6,56,45.8,46.3,43.9,51.5,60.7,12.2,37.5,85.3,49.1,105.5,46.5,51.2,69.2,52.1,19.1,41.5,41.7,31.8,54.7,14,64.9,91,39.1,48,53.9,134.1,26.8,53.7,58,39.1,58.3,44.3,100.6,52.4,30.1,127.8,41.8,174.4,142.1,28.8,41.2,83.3,174.8,53.9,146.3,122.9,36.1,38.1,65.6,39.5,116.2,62.3,42.9,117.9,109.9,39.3,37.6,47,97
明十三陵景区,51.4,69.9,67.7,46.1,77.8,56.2,117.2,68,44.2,52.8,52.1,44.6,50,62.1,52,55.8,50.6,45.6,67.2,49.5,64.9,0,115.8,52.1,85.2,57.6,108.5,56,75.8,66.8,69.3,106.9,65.4,79.4,75.3,59.5,42.2,55.1,54.4,73.8,41,50.9,70.7,62.3,52.8,68.4,48.3,81.2,98.9,45.3,54.4,72.4,30.2,53.4,66.3,74.2,53.2,76,62.6,166,111.7,50.9,52.4,51.3,61.6,46.4,71.3,68.2,68.1,71.4,65.6,119.7,102.1,59.5,76.7,56.7,80,50.4,62.7,56.7,72.7,73.3,35.8,44.3,50.8,96.1,61.7,57.9,26.6,66.6,61.9,59.1,52.4,55.8,76.5,81.3,66.4,70.5,57.6,73.1,34,51.9,54.4,30.3,70.2,66.2,45.2,59.3,53.7,60.9,68.6,40.3,72.5,67,43.2,59.6,119.9,76,44,30.5,46.2,64.8,70.2,48,64,70.5,78.4,64.4,146.2,114.7,72.4,45.4,35.9,124.7,69,128.5,95.8,48.2,42.7,89.2,39.4,65.9,42.3,67.9,70.2,83.6,60.2,70.3,59.1,50.3
十渡风景区,101.3,117.6,75.6,105.3,97.2,113.5,195.9,93.8,97.2,113.5,117.5,103.1,110.8,86.8,116.5,129.2,113.7,130.7,117.8,91.7,80.5,107.5,0,103,124.9,116.5,169.6,92,153.8,155.1,111.8,145.9,111.7,110,99,99.4,105.9,117.1,128.6,102.8,119,79,94.7,139.6,109.5,110.2,92.8,87.7,163.7,102.7,97.2,93.1,109.1,104.5,97.2,114.2,159.8,73.4,97.7,162.4,201.6,108,153.9,68.5,67.5,103.8,90.4,120.3,140.2,138,112.6,97.7,168.5,139.2,162.7,91.5,115.2,107.7,92.1,102.2,101.7,110.4,87.5,102.8,109.8,107,116.9,105.9,111.8,78.5,123.7,72.7,110.7,103.4,112.7,58.1,86.2,109.1,135,110.2,141.9,110.8,115,103.7,132.3,74.1,103,121.2,84,103.5,86.9,117.4,151.8,117.3,106.1,120.8,183.5,77.6,106,93.4,88.4,108.2,117,133.9,119.6,98.4,159.2,87.6,224.9,191.8,101.8,102.5,120.5,214.1,122,196,173.3,95.2,96.8,20.2,100.6,152.5,120,63.8,150.1,160.5,70.5,102.8,121.6,130.4
北京鲁迅博物馆,29.8,25.7,41.8,13.5,30.1,17.9,119.2,24.2,20.3,18.4,10.8,11.6,19.4,18.9,11.2,32.3,42.4,66.3,36.3,34.8,32.8,45.7,104.7,0,71,16.1,92.8,14.8,78,79.8,32.5,93,28.9,70.9,55.1,13.8,23.1,27.6,33.6,27.3,32.7,35.2,22.2,63.8,36.1,20.2,15.6,43,84,63.3,11.1,25.9,44.6,4.1,30.2,80.6,95.8,65,21.4,129,140.8,7.4,89.1,41.3,52.9,21.9,32.4,23.9,84.5,60.7,34.7,107.6,89.3,63.6,103.3,16.1,64.5,7.1,16.2,16,43.6,60.9,52.3,10.7,16.8,102.9,30,16.2,46.6,44.6,17.4,47.6,13.8,18.7,68.8,79.7,33.2,25,58.8,64.8,78.5,14.4,31.4,47.1,41.9,40,20.1,31.5,29.5,47.1,29,38.4,70.2,45.5,25.6,14.6,105.8,42.6,31.2,45.1,30.8,48.9,26.1,74,24.1,32.8,98.8,43.9,147.1,115.8,25.3,19.1,55.9,148.1,24.3,115.9,96.8,25.4,20.6,77.3,16.1,90.8,35.6,61.2,91,92.9,54.2,25.2,32.5,70.3
八大处公园,37.2,69.1,35.2,49.8,54.5,56.7,138.8,46.5,36.2,53.9,55.5,47,51.2,37.6,54.9,57.3,49.8,83.5,69.6,26.9,42,60,101.7,45.1,0,62.5,119.8,36.2,98.8,101.6,60.2,21.5,58.3,65.4,51.3,46.8,42.2,47.7,53.9,54.2,54,39.5,44.2,84.5,48.4,58.6,30.5,55.5,109.2,62.1,41.4,50.2,62,52.4,52.7,70.3,109.7,60.4,42.5,133.5,149.8,48.3,100.4,38.7,41.4,37.2,46.2,63.6,102.1,77.9,65.2,99.9,110.2,81,116.1,32,84.2,48.1,40.7,43.5,57.6,80.4,47,43.4,49.9,98.2,60.4,44.8,59.5,37.8,59.5,41.7,48.9,43.1,83.8,68.6,40.4,52.1,76.3,79.8,89.1,49.6,46.6,61,59.8,30.9,36,49.4,23.5,34.5,42.8,50.6,91.4,63.1,38.8,57.6,129.3,49.9,39.6,51,20.1,35.5,65.7,88.8,64.3,51.6,114,37.8,167,135.1,50.1,35.9,69.7,164.7,64.6,136,114.6,27.6,31.9,72.4,33.6,101,54.2,49.8,105.8,101.8,42.3,49.6,54.9,84.8
故宫博物院,42.7,9.6,40.9,13,21.9,17.9,131.3,30,32.7,22.4,8.2,12.8,24.7,27,8.5,34.1,46.9,81.7,19.8,51.2,41.8,60,116.2,14.2,86.8,0,96.5,25.2,86,89.5,16.2,108.5,20.2,82.8,63.7,24.5,30.8,28.4,33.2,22.8,41.6,47.3,21.5,71.6,48.5,18.7,27.5,51.5,87.2,74.5,22,26.6,57.6,13.9,20.9,93.6,110.6,73.4,29.3,138.6,156.8,14.9,103,49.8,53.2,24.5,46.7,7.7,99.3,69.5,18.7,117.3,90.2,73.2,117.9,26.1,53.9,9.1,24.3,26,32.8,50.5,63.9,15.2,15.3,117.1,13.5,27,60.7,53.1,11.1,55.9,23.1,28.9,58.1,79.3,41,15.5,66.8,53.7,93.8,23.2,32.6,60,48.5,38.2,22.2,38.7,40.5,62.9,40.9,51.6,71.1,35,32,8.6,109,50.5,44.1,58.7,46.4,65.3,9.2,88.4,7.5,30.7,115.5,52.4,158.4,126.1,22.3,21.6,70.2,158.3,8.2,117.8,107,44.3,32.6,87.1,30.8,105.7,44.8,62,105.1,93.8,54.5,16,38.3,84.4
京东石林峡景区,113.8,108,119.2,94.4,106.3,98.9,103.2,120.4,104.4,90.5,102,92.2,93,114.7,99,80.8,101.8,127.5,99.7,111.8,114.2,106.8,190.3,101.1,144.6,103.6,0,107,103.5,119.2,104.2,167.3,99.3,156.4,142.7,111.5,90.1,83,78.3,113.8,80.6,119.4,115.3,94.4,117,115.8,97.9,104.8,10.5,120.2,102.3,120.7,91.1,104.4,100,150.4,140.2,145.5,116.6,182.2,195.7,104.9,150.2,127.5,130.8,91,104.2,112.9,144,90.5,101.5,191.2,33.4,76.9,163.7,108.3,86,103.2,113.7,104.5,89.7,87.4,110.9,95.1,94.6,171.7,96.2,105.5,106.7,124.8,99.7,132.2,89.8,106.5,90.3,142.7,113.5,106,88.2,87,129.3,90,83.3,105.1,98.6,116,88.7,87.2,113,122.6,105.9,94,64.3,84.5,88.1,100.6,17.9,105,96.9,106,107.7,128.4,104.9,134.3,107.5,103.6,159.9,131,127.5,125.9,116.2,91,116.2,175.5,113.2,46.5,106.9,109.5,104.8,152,96.4,149.6,76.3,123.3,150.7,53.8,133.9,108,77.9,130.5
玉渊潭公园,31.5,32.8,24.7,19.4,31.7,25.1,128.7,22.5,21.7,25.5,22.7,17.8,27.9,15.5,23.4,40,50.3,75,39.4,30,26.7,54.3,99,13.1,65.5,28.4,103,0,85.6,88.2,30.7,87.1,28.7,62.4,47.4,14.6,30.8,35.6,41,29,41.1,27.8,20.3,71.8,38,27.9,17.2,41,93.7,58.6,12.4,26.3,53.1,17.4,28.9,72.5,105.3,56.3,12.3,121.2,153.1,20,98.5,34.4,37.5,30.2,30.2,31.7,104.4,68.9,30.2,98.3,96.8,72.3,113.7,7.6,63.9,19.8,10.3,18.1,43.2,60.2,43.8,16.4,22.6,95.7,36.4,18.5,56.1,36.7,35.4,39.8,21.8,17.1,67.8,63.6,27.4,24,67.2,63.4,87.8,21.9,39.7,55.8,49.6,22.7,26.1,39,20.7,41.3,26.8,46.9,77.7,45.2,32.7,32.8,114.2,40.2,39,48.2,26,44.4,34.1,83.3,31.9,30.7,108.4,36.1,157.3,126.1,25.9,26.4,65.8,158.7,33.4,124.9,107,24.3,21.7,70.5,23.1,104,44.9,45.9,101.2,100.8,38.5,24.1,41.3,79.5
北京青龙峡风景区,88.4,101,101,80.8,100.1,88.4,110.5,107.2,81.1,75.5,87.9,78.5,73,96.8,91.8,74.5,78.2,98.8,97,87.2,103.2,75.6,163.6,89.5,123.8,98.5,106,97.3,0,51.5,98.9,143.5,94,126.8,122.8,99.6,69.1,70.5,71.9,104.5,55.2,98,109.2,23.1,92.3,103.4,78.8,106.1,95.3,91.2,88.4,111.2,61.1,91.6,94,121.6,91.5,123.3,99.6,198.1,113.2,88.2,159.1,98.7,109.3,71.4,102.8,108.3,115.7,27.1,102.8,165.7,107.8,45.7,134.7,92.9,106.5,87.6,99.3,89.6,91,109.7,81.3,80.9,83.1,144.6,88.5,90.5,76.2,111,95,106.4,74.9,88.6,93.6,128.9,104.3,100.1,20.7,107.9,90,75.2,70.6,75.1,84.8,99.1,69.2,74.1,94.8,98.1,105.4,65.7,53.8,83.3,68.3,92.5,118.9,111.8,77.1,76.3,82.7,101.1,98.8,105.5,100.4,96.6,130.6,111.8,131.6,60.2,107.6,71.8,88.2,93.5,109.3,113.9,42.1,84.5,79.9,134.8,77.7,137.9,48.6,114.7,122.9,67.2,108,102.2,74.8,102.4
慕田峪长城,90.8,100.9,100.6,81.8,100.8,89.5,112,108.9,82.6,76.7,88.3,79.4,74,98.6,93.2,75,79.9,109.4,96.9,88.4,101.7,66.9,161.9,90.4,123.8,98.5,121.8,98.3,52.9,0,98.8,146.3,94.5,126.1,121.9,100.2,70.2,71.8,73,105.8,56.5,96.8,109.8,38.1,93.6,105,79.3,106.4,110.3,92.1,90.6,112.6,64.5,92.3,93.8,119.8,59.2,121.9,100.3,194,131.6,90.6,116.5,97.4,108.2,72.3,101.4,106.7,114.4,33.3,100.3,164.6,116,59,143.2,92.8,96.4,90,100.5,90.5,91.5,90.5,82.4,81.7,83.4,142.3,89,91.2,89.2,109.5,95.4,105,75.5,89.3,91.9,129.2,102.8,101.2,33.5,89.2,65,76.3,71.3,76.4,85.8,97.5,70,75,90.1,99.3,104.2,66.5,68.3,84.6,69.7,93.6,133.4,110.6,78.5,77.8,83.9,102.5,98.9,113.3,101.1,96.7,142,111,142.2,89.9,108.2,72.5,99.9,130.6,108.3,128.5,71.9,86,81.7,135.4,79.2,103.2,49.3,114.5,133.9,78.2,107.2,103.8,75.8,117.2
中国国家博物馆,50.2,8.4,36.2,20.3,15.7,23.2,134.2,27.5,39.9,25.3,17.1,19.9,27.8,22.3,13.5,37.5,50.9,84.6,22.8,50,37.4,63.4,111.6,22.5,86.2,9.8,99.7,27.7,90,93.2,0,108.7,14.4,76,60,19.5,34.5,33.8,36.9,16.4,45.3,41.5,17.9,75.7,56.5,16.5,34.4,45.4,91.2,76.8,28.9,21.4,63,20.5,17.8,89.2,116.6,69.3,24.4,134.8,162,18.5,107.2,45.6,48.2,29.7,34.3,13.2,102.2,73.1,14.9,113.1,94.6,76.4,121.2,28.5,49.1,17.8,19.8,32.8,28.2,45.2,60,21.9,22.6,113.8,17.6,33.4,64.8,48.5,16.1,52.2,28.3,32.6,52.8,74.8,36.3,9.4,70.5,48.5,97.2,28.4,36.9,64.2,47.4,33.2,34.1,35.9,37.9,63,34.4,54.9,75.3,29,36.4,13.5,112.9,46.4,45.4,63.8,46.5,66,6.2,91.4,11.2,25.1,117,49,162.6,129,18.6,30.4,74.1,161.4,9,123,110,43.1,39.8,83.3,33.1,112.2,48.1,57.8,109,97.3,50.7,9.5,32.4,87.8
北京西山国家森林公园,39.4,71,37.8,52.6,57.8,59.4,142,49.2,38,57,57.9,49.6,53.9,40.2,56.8,56.8,51.1,85.5,72.5,29,44,62,105.5,47.1,19.3,64.4,123.5,38.7,99.8,103.2,63.7,0,61.5,71,53.3,49,44.9,51.6,55.5,57,55.6,41.3,47.4,86.1,51.2,61.9,31.8,57.6,114.5,67.8,44,52.3,64.2,54.1,55.9,82.4,111.4,62.8,45.1,136.6,158.2,52.9,109.3,41,46.5,41.6,51.1,68.9,114.4,82.7,70.1,104.6,115.7,86.3,122.4,36.8,88.6,52.6,45.7,48.2,62.7,85,52.1,48.5,55.2,103.9,65.6,49.2,64.3,42.1,64.5,46.4,54.1,48.7,87.2,72.7,44.8,58.6,81.2,84.3,93.5,54.3,51.5,61.5,65.8,35.6,40.3,55,27.2,39.9,47,56.2,96.3,68.4,44.7,63.6,135.9,54.4,45.2,60.8,26.5,41.7,71.8,93.8,70.1,59,118.6,43.7,174.8,141.8,56.5,41.6,75.7,172.8,70.7,145.1,121.7,33.8,38.8,77.3,39.6,109.8,60.3,55.8,111.5,108.3,47.2,56.1,61.3,89.5
明城墙遗址公园,50.2,19.1,33.6,21.5,18.5,26.1,127.6,24.8,39.6,20,25.1,20.8,22.1,33.5,21.2,30.6,49.2,81.3,15.3,51.1,32.2,59.6,108.6,30.8,87,18.3,93.8,32.5,83.5,86.2,16.3,108.1,0,86.8,70.7,29.6,32.3,26.5,32.1,20,38.5,52.6,21.4,69.3,57.8,25.9,35,32.1,85.3,75.9,29.1,24.1,56.5,30.8,9.7,101.2,108.4,80.8,34.5,123.4,158.3,27.6,102.9,57.7,46.9,27.2,28.5,23.5,101.8,66.6,7.5,122.3,87.5,71,118.3,38.5,40.9,26,29.6,33.1,20.9,37.4,71.6,21.4,21.6,126,15.4,34.1,60.8,43.2,19.3,63.1,19,35.6,44.7,72.8,31.9,13.1,64.2,40.5,96,18.9,29.7,60.6,39.9,32,26.8,29.5,49.2,63.2,32.2,56.8,68.1,22.2,33.4,18.8,106.6,40.9,43.1,58.3,47.5,67,16.6,87.6,26.6,12.9,115,59.2,154.1,120.8,20.6,26.1,70.2,156.1,18.8,117.2,102.9,44.6,39.4,80.6,32.5,107.4,41.2,55.4,104.8,89.7,48.4,14.4,24.9,84.1
潭柘寺,71.7,95.2,64.8,76.7,78,84.1,166.2,69.1,66.5,83.6,85.7,74.6,86.5,60.1,86,90.5,83.5,101.2,95.5,62,63.6,78.3,120.2,75.5,97.9,91.2,156,62.9,125.8,127.4,84.8,119.4,83.9,0,73.6,73.6,77.7,86.6,88.6,77.7,88.5,49.1,67.8,112,79.1,83.5,64,77.3,147.8,73.3,71.3,73.2,79.7,77.5,77,85.5,128.9,68.7,69.9,159.6,173.6,81.8,124.4,53.6,64.2,73.8,71,93.1,116.1,109.9,87.2,109.1,151.6,107.1,134.2,60.8,112.9,80.3,70.6,72.3,84.1,106.8,58.2,74,80.5,110.6,100.5,76.8,80.9,63.8,91.8,50.3,79.5,75.6,108.7,83.8,65.6,81.3,107.6,112.5,111.3,80.2,85.8,73.3,100.8,64.1,73,89.7,53.1,73.9,67.7,86.9,121.9,102.1,75.7,90.2,167.3,77.2,76.5,63.3,58.7,77.9,86.5,105.1,94.5,78.8,130.7,63,197.1,165.2,77.5,73.3,90.5,186.3,95.8,177.3,145.1,65.3,64.8,88.4,71.4,124,90.1,69.5,122,132.2,62.6,76.5,92.3,101.9
北京园博园,55.8,67.3,40.1,65,60.8,72.3,161.6,52,51.9,70.5,73.3,62.2,69,43.1,72.2,75.9,68.2,101.8,76.6,46.8,46.5,77.5,111.3,58.3,82.3,72,144,48.8,121,122.5,65.9,104.3,66.2,73.5,0,55,61.3,70.2,73.1,61.3,73.4,33,50.6,107.4,64.5,65,48.4,60.8,135.2,72.6,55.5,56.2,79,60,59.5,85.6,128.9,68,58.5,141.2,173.4,62.8,123.2,46.1,50.3,58,52.4,73,110.2,101,68,107.2,138.8,105.9,133,46.2,93.3,62.6,48.5,58.2,65.8,88.9,57.9,61.6,68.2,110.5,80.2,62.5,81.1,50.1,76.8,50.3,67.8,61.5,90.9,76.9,46.7,60.3,99.1,88.6,110.7,67.7,69.4,72.3,83.9,38.2,57,73.2,36.7,58.6,49.7,71.6,114.3,82.7,60.7,74.2,155.5,58.1,61,62.6,43,61.5,67.5,104,73.2,60.3,130.2,27.1,194.1,160.8,58.7,57.3,90.5,186.1,73.9,164.6,140.7,50,49.7,78,55.3,124.2,76.1,58.9,121.8,127.5,51.9,57.2,77,101.2
首都博物馆,39.1,36.2,24.1,22.8,25.4,29.2,133.6,19.5,28.6,27.8,26.1,20.1,30.1,14.2,26.6,42.8,53.4,79.3,33.8,38.7,27.2,58.8,98.8,15.6,73.6,32.5,104.2,16.9,91.2,93.5,23.7,95.6,22.6,64,47.5,0,33.4,42.5,44,23,46.5,30,15.3,77.3,45.8,23.9,23.4,37.8,95.8,63.6,21.8,21.3,57.5,19,23.9,76.2,111.7,57.9,17.9,122.1,155.8,22.7,100.5,34.8,37.2,32.2,26.7,33.9,100.2,74.2,24,99.8,101.3,77.4,117.2,17.5,59.2,21.6,9,23.9,38.2,55.3,48.5,19.1,25.4,101.5,28.6,22.4,59.1,35.8,37.4,40.5,23.9,21.7,62.1,62.9,26.5,19.3,72.2,58.7,93.3,24,41.1,58.9,56.5,21.6,28.5,45.9,29,50.5,23.4,49.2,80.4,39.4,34.8,35.4,116.2,36,40.7,57.1,34.9,53.3,26.8,86.6,34.9,26.2,112.8,36,163.5,129.8,21.2,28.1,68.8,162.4,34.2,127.3,111.5,31.4,27.9,69.3,25.6,105,48.9,45,103.5,103.5,38.5,18.9,43.4,82.8
中国考古博物馆,31,39.9,37.6,23.3,57.7,26.1,125.7,44.5,24.1,24.3,30.9,21,22.7,36.7,27.8,27.1,22.3,59.4,41.3,27.9,39.3,39.6,109.8,26.3,63.5,30.8,93.8,34.1,85.5,72.6,40.6,84.8,41,72.6,56.3,36.4,0,22.3,24.7,54,25.4,38.2,49.9,56.4,34.8,46,18.8,55.7,85.8,57.4,30.4,49.1,42.6,31.4,40.9,83,90.7,66.7,41.3,143.1,134.2,28.6,83.5,44,51.4,11.8,51.6,38.6,79.1,53.7,47,113.8,91.2,56.7,97.5,29.9,71.4,29.2,38,29.2,42.1,65,49.1,23.3,23.6,108.4,37.2,29.8,40.5,50.1,30.9,50.4,23.3,27.9,67.4,77.6,41.1,45.2,51.1,65.7,73.5,21.8,22.6,41,36.3,35.5,11.9,25.9,30.7,40,42.5,36.5,65.5,41.2,4.7,28.1,105.7,57.2,11.7,37.5,24.6,43.4,39.8,67,35.9,44.2,92.4,45.6,140.2,109.2,53.6,11.3,50,146.6,39.3,110.4,89.8,28.4,24,81,14.6,83.1,27.7,59.7,84.8,76.1,49.5,45,26.9,63.5
朝阳公园,38,30.8,46.8,25.9,26.2,34.2,110.6,36.5,27.9,21.4,35.6,24.3,24.1,39.5,32.3,20.1,38.7,70.1,22,40.1,39.1,49.9,122.7,41.9,74.9,35.3,80.2,37.1,68.3,71,30.9,96.8,28.4,78.7,63.5,46.5,19.5,0,20.8,30.4,24.2,44.4,34.2,55,45,42.9,22.6,33,69.5,66,38.6,36,40.6,41.5,23.7,90.3,91.1,74.8,51,140.4,147.1,39.7,94.1,51.8,63,20.9,29.6,39.2,89.4,52.3,24.1,121.2,74,57,108.9,34,42.5,36,46.3,32.8,20.6,42.4,56.8,26.9,26.4,115.2,29.2,34.3,51,50.6,32.7,58.8,20.7,32.3,45,89.8,38.4,33.6,49.9,43,79.6,21.1,21.6,50.6,22.6,44.8,17.9,4.5,38.1,51.9,31.2,43.5,55.7,19.9,21.5,32.4,91.8,48.5,27.9,49.2,36.7,55.1,30.4,77.8,41.1,23,103.2,52.7,140.8,108.4,31.8,19.2,60.5,141,33,101.3,89,32.5,28.1,94.3,22.2,97.7,27.1,65.9,94.6,78.8,63.5,34.7,15.7,73.9
中国电影博物馆,46.6,41.8,53,32.2,43.3,37.2,111.8,56.2,39.5,31.6,38.2,30,33.4,50.4,35.2,10.5,37.4,76.4,39.2,44.7,54.4,57.5,137.8,37.7,78.8,38.2,74.4,43,71,72.9,40.6,100.8,36.3,87.9,72.5,47.8,29.6,22.2,0,49.4,25.6,54,50.2,57.2,51.4,51.9,33.8,46.1,65.2,71.8,39,55.1,43.3,40.3,36.9,101.5,94.3,83.5,52.9,150.6,150.5,40.6,100.1,60.8,75.4,27.6,44.1,46.4,94.6,54.7,40.2,129.2,70.8,60.3,113.7,44.6,45.1,39.5,50.5,43.5,31.1,41.5,62.2,31.9,32.2,123.9,31.9,44.7,57.5,68.1,35.5,66.5,27.6,46.4,49.7,95,53.2,42.8,52,44.5,82.9,28.6,22.1,56.5,39.4,52.4,26.5,29.1,47.2,56.2,46,45.4,52.2,22.3,25.6,36.5,87.2,60.2,39.8,53,41.2,59.8,41.4,84.6,42.9,40.7,110.9,61.2,141.9,109.2,51.5,28.2,67.1,139.6,44,95.1,90.1,44.6,40.4,107.3,34.3,101.8,28.6,78.8,101.6,74.8,66.3,44.4,14.7,80.7
国家自然博物馆,56.1,16.7,35.6,31.8,6.4,37,139.2,21.5,45,29.7,27.1,31.3,31.1,22.1,32.3,41,75.3,90.1,28.4,49.9,29.6,69.8,110.6,27.2,84.3,23.7,101.7,33.3,95.5,97.5,16.5,106.6,17.5,77.2,60.7,25.8,45.3,34.8,40.1,0,50.1,42.2,12,81.7,62.1,22,39.4,32.6,93.1,77.2,35.2,10.3,69.3,25.4,12.2,89.5,119.7,69.8,30.6,127.5,166.3,23.5,112,47.2,50,49.2,22.5,22.8,109.1,78.9,19.1,112,99.1,85.5,126.8,35.2,49.2,23.4,26,38.2,26.6,46,61.2,29.5,41.3,114.2,22.8,40.2,70.8,40.6,29.2,53.2,38,39.5,52.9,76.4,29.1,10.2,77.1,49.2,108.9,38.2,40.6,70.8,48.6,33.7,38.6,38.1,38.5,61.6,24.1,69.5,79.6,28.1,60.3,29,114.4,41.7,54.7,66.1,46,65.2,17.7,97.8,26.4,12.7,123.6,49.4,165.7,132.3,6.2,37.8,80,165.2,19.8,125.2,114.3,44.5,44.2,82.2,39.4,116.7,53.2,57.8,113.7,102.2,52.4,11.7,31.8,93.8
北京温榆河公园,45.2,55.2,50.9,33.5,56.2,44.5,97.4,59.5,37.8,30.7,42.6,31.6,28.5,50,44.6,31.1,35.9,62.3,52.8,43.4,53.8,42.5,126,41.2,78.1,54.2,83.4,50.3,56.5,58.4,54.1,100.3,50.1,89.5,72.8,52.2,26.4,29.1,28.6,61.4,0,52.9,61.9,42,50.4,59.2,32.8,63.2,73.3,57.8,42.6,67.6,28.3,43.8,50.8,86.3,80.1,82.3,51.5,175.1,136.2,44.1,85.5,65.2,66.2,27.2,59.5,62.8,80.9,39.9,55.4,127.8,79.5,45.7,99.8,46.3,59,44.2,52.6,43.5,50,52.9,48.3,34.5,36.1,110.2,45.6,44.4,43.1,61.4,52.1,65.3,31,42.1,55.4,92.4,55.6,56.9,37,51.5,67.5,31.5,27.1,42,43.4,50.3,24.9,32.9,46.1,54.7,61.3,28.5,49.3,39.1,25.8,46.8,95.7,79.4,34.3,43.2,39.9,59,55.1,70.7,54.6,53.6,96.3,61,128.6,95.6,63,27.5,52.7,126.1,58.9,104.4,73.4,42.4,37,99.7,35.2,86.3,15.6,76,88.6,62,66.3,59.1,31.1,67.2
首钢园,36.4,49,23.8,41.8,42.5,48.9,141.1,33.3,32.3,48.2,52.5,39.3,50.5,25,52,56,49.5,77.6,57.5,27.5,28.4,53.8,92.3,39.5,61.7,52,119.4,27.5,100,101.2,46.2,83.3,46.2,49,35,35.5,40.6,48,53.5,41.5,53.9,0,32.4,84.8,44.4,46.4,29.5,43,110.1,49.6,35.7,37.9,55.1,43.2,40.4,63.9,104.8,47.1,33.4,125,147.4,43,99.7,27.7,32.4,38.4,35.3,53.5,95.5,82.2,48.5,87.2,113.8,83.8,108.5,26.1,75,45.9,29.5,37.9,48.7,70.5,33.8,38.7,45.4,84.8,60,42.1,57.2,29,57.5,29.7,44.9,40.9,72.1,58.6,29.7,41.4,80.5,69.9,87.6,45.1,49,49,62.6,22,37.9,51.8,12.5,39.3,31.9,53,95.6,64.6,42.2,55.5,131.7,40.6,42.2,39.6,23.7,42,48.5,81.7,55.3,42.1,106,24.1,170.6,138.8,39.5,37.7,66.8,161,55.2,141.1,119.6,30.1,30.6,62.4,36.2,98.4,57.7,41,97,106.5,32.8,38.6,57.6,77.4
法源寺,45.4,23.4,27.7,27.6,14.6,38.1,136.8,12.6,34.4,42.3,26.4,26,45.4,15.2,26.6,47.7,57.1,85.5,32.2,41.8,26,64,102.5,18.6,76.4,25.9,108,24.1,96.9,98.8,20.8,98.2,22.6,68.5,52.2,16.5,36.7,41.5,48.6,12.9,51.6,34.2,0,83.9,52.3,21.4,29.6,42.6,100,68,25.4,12.5,63.2,17.5,19,81.6,116.9,62.1,20.9,130.6,158.9,20.3,104.8,39.8,42.1,36.7,29.8,28.6,103.8,80.7,24.2,104.5,104.6,83.3,120.9,25.7,57,19.9,16.8,28.5,35.6,53.6,53.7,25.3,31.9,106,33.4,30.4,64.8,40.5,30.7,45.3,36.3,29.6,60.4,68.3,26.7,16.3,79,56.4,100.5,35.6,46.5,64.7,54.7,26.4,37.8,44.2,31.4,54,24.1,55.5,84.4,36.4,40.2,28.8,119.1,43.1,45.5,57.8,37.3,56.8,23.5,94,28.6,21.8,117.3,40.6,166.2,133.6,10.8,32.5,75.8,165.4,29.9,130,114.8,35.9,34.4,73.3,29.9,110.2,54.8,49.6,106.6,106.6,43.9,13.5,41.8,89.7
雁栖湖景区,77,93.3,86.9,70.3,93.9,77.7,92.1,101.3,70.5,63.9,82.5,67.9,61.1,88,80.1,59.5,65.7,84,91.2,75.5,89.6,62.3,150.6,80.5,109.6,87.7,96.4,87.6,22.9,37.4,88.7,130.9,83.2,113.7,110.3,90.3,56,60.2,57.7,98.6,44,83.2,101.3,0,83.2,98.7,66,99.7,87,77.6,79.4,104.6,47,82.6,86.8,108.8,74.6,110.1,89.1,188.7,110.8,77.2,105.2,84.8,95,58.4,95.2,97.3,102.4,19.6,91.8,152.4,100.2,37.4,120.2,80.9,81.9,76.8,89.9,79.4,84.6,75.1,68.1,69.8,72.1,130.4,77.4,80.1,62.6,96.5,84.3,93.1,62.8,77.8,77.7,115.2,91.2,92.1,10.2,74.9,73.2,62.9,56.5,61.9,74.9,86.1,56.6,63.8,78.8,85.2,98.7,51.5,44.5,70.8,55.4,80.3,109.8,98,63.4,63.4,70.8,92.3,89.7,91.4,90.8,89.5,116.2,99.3,122.3,63.1,100.2,59,72.9,89.9,98.7,105.6,43.5,73.2,67.3,122.6,64.5,125.1,33.3,101.7,107.3,57.1,94.6,93,61.1,88.1
百望山,37.7,69.6,47.2,47.5,74.8,54.3,142.1,58.2,24.7,54.2,56,44.4,51.6,48,51.7,55.8,49,76.3,69.8,36.2,51.4,50.4,116.6,42.8,73.6,63.2,119.3,42,100,102.4,71.9,95.5,70.6,80.1,63.6,50.7,40.5,49.6,54.3,70.8,54.1,42.7,61.5,86.6,0,63.6,29.9,66.9,111,48.3,37.4,63.5,53,49.4,68.1,86.3,102.7,73.2,48.5,150.1,144.3,47.8,95.2,50.1,55.8,39.5,58.5,67.5,89.6,81.4,66.6,114.6,114.7,85.1,108.6,40.6,92.1,46.7,49.3,42.8,70.5,88,36.6,43.2,49,104.1,61.6,46,55.4,52,61.6,55,49.4,45.4,96.3,81.7,52.4,65.6,79.9,91,84.6,49.5,48.5,50.6,62.4,44.8,37.6,51.2,36.5,49.1,54.5,41.6,95,66.2,40.7,59.8,132.8,65,42.4,34.7,31.9,50.8,70.8,82.8,68.7,70.6,107.9,51.7,170.1,138.6,67.5,37.4,64.7,157.8,69.2,145.8,118.3,27.9,25,87.4,36.2,94.4,57.7,64.8,99.8,105.8,55.3,64.8,57.5,79.1
中山公园,50.7,20.1,40.2,18.8,31.1,24.4,138.4,30.6,38.7,28.6,14.5,17.9,31.1,26,13.9,41.6,55.3,80.4,26.2,50.7,41.4,59.8,114.8,19.5,86.8,12.9,104.7,25.9,95.8,98.5,22.2,108.9,27.4,84.2,63.4,24.4,38,35.3,40.4,31.6,49.3,46.8,22,81,55.8,0,33.2,59,94.8,76.4,27.7,27.4,68.7,17.7,26.4,95,111.3,72.3,29,143.9,156.4,15.1,102.7,49.8,53.5,31.1,47,16.6,100.8,79.3,24.2,115,97.8,80.8,117.8,26.9,66,14.2,24.5,32.6,43.5,62.6,64.3,19.3,22.3,116.4,20.1,34.3,61.8,52.6,17.6,55.5,28.1,35.8,69.1,79.9,40.8,22.6,76.5,64.9,93.3,28.3,39.9,60.6,56,37.2,27.5,45.5,40.1,62.1,40.8,51.4,78.6,44.6,39.6,15.3,116.7,53.5,44.3,60,46,64.9,18.2,88.8,15.9,39.8,114.6,51.5,167.2,135.7,23,27,70.5,166.2,17.4,124.4,114.9,44.6,38.2,86,31.6,106.5,52.7,61.6,104.8,101.2,57,21.8,49.2,84.7
海淀公园,22.7,47.6,26.1,22.9,45.3,31.4,120.5,34.2,9.9,31.9,31,22.3,28.6,25.9,31.4,34.5,40.1,68.3,49,21.4,28.5,45.1,98.9,20.3,55.8,38.3,98.8,19.3,78.5,81.8,47.6,77,43.1,65.3,48.4,28.7,19.8,25.7,33,43.2,34.4,29.5,32.7,65.4,26.4,40.4,0,46.5,90,55.1,21.9,40.2,47.4,27.9,43.6,76.6,97,58.8,25.5,135.5,136.9,29,89.4,36.1,39,17.9,35.1,46.7,84,62.5,44.5,99.5,92.1,65.9,106.3,19.4,69.1,28.9,24,22.9,44.8,67.6,43.2,21,26.6,97.9,39.6,23.6,48.6,38.1,39.4,42.7,31.1,21.5,69,65.5,29.4,39.6,60.3,67.5,79.7,27.1,26.1,45.9,39,24,18.6,28.8,23.2,32.8,31.5,37.5,73.7,46.1,21.9,37.1,110.7,48.5,28.3,43.7,17.7,35.8,48.6,77.1,44.3,46.1,103.2,37.6,149.4,118.1,40.5,16.6,58.7,149.2,47.4,119.9,98.8,20.8,9.2,71.7,15,89.5,37.7,48.1,95.3,86.1,43.1,39.4,37.2,73.5
南海子公园,66,49.7,34.9,60.1,30.5,68.2,147.7,36.2,52.8,57.6,68.5,57.6,55.6,38.4,63.6,48,70.7,110.2,37.9,51.2,27.6,91.3,96.2,48.4,85.8,57.7,106.1,44.4,105.1,107.5,48.1,107.4,46.2,77.7,61.2,45.5,56.3,39.3,47.9,33.4,60.5,43.7,38.4,93.3,67.5,59.1,47.2,0,99.5,77.3,49.5,29.8,82,56.4,30.2,90.6,129.7,58.2,49.9,108.7,187,61.9,132.7,48.6,38.2,54.2,19.8,56.6,115,90.7,41.6,107.4,101.8,85.8,150.6,42.5,42.8,62.4,41.6,56.8,21.9,39.3,62.4,52.5,60.6,114,47.1,57.8,92.5,31,59.9,55.8,54.1,59.1,41.3,64,28,38,89,39.4,120.8,54.2,50.3,77.6,52.4,32.6,51.2,41.8,41.7,62.1,21.4,81.5,86.6,36.6,59,58.6,121.7,26.6,64.7,68.2,46.7,66.6,48.3,117.7,58.7,30.6,146.3,50.1,177.6,144.4,35.1,53.5,100.1,176,50.7,133.6,124.7,53.4,52.6,68.2,59.5,135.9,65,44.2,136.2,105.8,42.1,39.5,40.5,115.8
京东大溶洞旅游区,103.2,98,111.6,86.1,98,88.5,107.5,115.9,96.2,81.2,92.5,84,84.9,109.5,89.2,70.5,91.7,120.1,93.8,101.2,106.2,97.8,172.3,93.8,136,93,11.2,99.1,92.7,108.9,95.4,158,90.2,145.7,132.8,105.2,80.8,72.5,68,104.4,69.2,109.3,107.3,84.2,107.4,106.7,88.8,94.9,0,111.2,92.6,109,81.3,94.2,90,139.5,130.9,137.8,109.7,173.5,184.9,97.8,138.9,118,120.1,79.7,94.3,99.7,133,81.2,95.1,180.9,22.4,66.6,153.2,98.6,78.2,92.4,105.8,93.1,79.8,77.8,101,83.8,83.9,162.9,83.6,94.3,95.8,113.8,87.1,122.7,78.2,95.4,80.3,134.2,104,94.4,79.1,78,118.3,79,71.2,95.2,87,108.6,77.8,75.9,102.6,110.4,96.9,83.9,54.7,72.4,77.7,89,21.4,96.9,85.5,96.7,94.6,117,95.3,124.8,96.2,93.1,149.9,119.8,128.8,119.5,104.2,80.7,106.2,165.7,98.9,34.6,102,97.4,91.6,156.1,86.6,139.9,66.4,116.1,142.1,45,123.8,97,67.8,121.7
北京凤凰岭景区,74.7,91,65.3,70.5,84.7,81.3,131.6,72.9,54.3,76,77.4,68.4,73.2,62.2,77.6,83.4,73.9,68,96.4,66.3,65.3,44.5,112.5,76.1,103.5,83.2,124.5,69,91.4,95,87.5,125.8,91.3,82.2,73.5,75.4,64,75.9,81.4,81.5,55.3,54.7,70.1,76.3,50.9,87.9,60.5,78.1,115.5,0,72.4,79.4,45.5,78,84.5,72,94.3,72.6,76.5,162.3,134.9,77,88.5,48.6,59.4,65.9,72.2,93.6,80.1,73.1,93.1,113.9,115.9,74.7,95.5,67.3,94.8,75.4,68.6,77,85.5,90.2,23.8,67,73.7,92.6,88.1,81.7,47.2,63.8,88.9,56.9,75.1,80.1,91.7,78.2,66.7,82.6,71,88.7,76.3,74.6,79.4,34,91,63.8,64.4,79.7,58.8,79.4,68.3,54.9,87,94.4,65.5,86.2,135.2,72.2,65.8,25.1,62.4,82.3,88.8,71.2,88.5,83.8,96.3,62,160.9,129.8,80.8,64.8,56.8,148.8,94.8,143.1,110,58.7,54.7,85,58.1,86.7,56,64.3,87.6,96.8,58.2,78.1,86.4,67.2
紫竹院公园,35.4,40,33.1,20.2,44.9,27.1,123.8,32,20.8,25.9,24.8,19.1,23.5,24.9,25.1,38.3,45.1,70.8,41.4,32.1,34.1,49.8,106.8,15.2,67.8,29.6,106,12.9,83.5,85.7,42.4,89,41.4,71,56.1,19.6,24.6,30.5,36.3,39,37.2,34.7,29.7,68.2,34.9,35.7,14.3,53.1,95.7,64.7,0,37.2,48.5,18.1,38.9,80.6,100.2,65.3,21.3,139.6,144.9,20.8,93.3,43,46.7,23.1,40.1,37.5,88.8,65.4,39.2,107.5,98.8,68,107,15.2,74,20.2,19,11.4,49.9,69.9,52.9,18,23.8,102.7,33.9,11.3,50.2,45.9,34.6,48.7,22.9,10.4,75.3,72.8,36,35,63,73.1,82.2,23.1,33,50.9,44.3,30.7,19.7,34.1,28.2,44.3,36.4,48.4,80.9,52.8,26.9,32.2,116.4,52.7,33,53.6,27.9,46.9,39.9,78,38.4,42.6,103.5,44.6,151.8,119.8,36.2,20.2,59.5,151.5,37.8,126.2,101.5,27.2,19.5,79.4,19.8,95.4,40.2,55.4,95.4,87.5,50.1,33.6,42.6,74.2
陶然亭公园,55.1,22.4,24.3,31.9,10.8,39.3,142.5,10.3,39.6,34.7,27.6,31.7,36.5,18.6,27.4,47,67.4,96.1,32.7,44.9,23.2,73,98.8,25.9,79.3,26.2,109.1,29,103.2,105.2,21.3,100.9,22.2,71.6,54.4,23.4,46,37.9,50.3,9.6,56.1,37.6,8.2,88.5,59,22.9,34.5,31.1,99.1,71.9,33.5,0,73,25.2,13.8,84,127,64.6,28.4,114.9,168,24.4,113.3,42,38.6,48.1,21.1,28.6,106.5,86.7,24.8,108.2,104,91.5,129.8,27.9,55.5,24.6,24.4,33.7,29.6,51.1,55.6,34.2,36.1,106.6,36,35.6,74.6,36.8,38,48.3,46.3,37.1,54,65.9,23.1,15.6,85.2,52.2,110.2,46.3,50.1,74.9,51.8,23.2,42.7,41.3,33.6,56.2,19.4,63.9,88.9,35.6,48.9,30.2,124.6,34.7,55.2,61.6,40.9,60,22.5,100.8,30.2,15.9,128.1,43.7,175.8,141.8,9.4,41.4,84.9,175.1,26.4,133.5,123.6,40.4,40.5,71.7,39.7,118.6,61.8,47.6,116.8,109.8,42.7,16.2,42,101
中国航空博物馆,58.1,78.1,71.9,58.2,75.7,61.5,104.5,87,53,47.7,66.4,52.3,44.9,80.2,64.4,45.4,59.1,55,73.2,58.7,77.6,29.9,120.5,65.1,93.6,72.2,91.9,69.8,63.8,70.7,75.3,114.5,68.7,84.3,81.2,77.9,40.5,42.6,42.1,80,25.4,55.8,85.4,48.6,62.3,85.1,53.8,80,83,49.6,62.2,86.1,0,66.7,67.4,76.1,72.2,79.9,82.9,174.6,146.8,64.6,78.7,55.7,66.7,42.2,74.2,80.8,72.9,46.9,73.5,125.5,85.7,50.8,88.6,70.8,66.5,63.1,79,65.2,64.8,59.1,39.7,55.6,56.6,100.9,62,65.8,34.9,71.3,68.2,63,46.6,64,61,86.9,79.2,74.6,44.1,59.5,48.5,47.6,42,34.1,57.7,70.2,40.7,46.9,62.2,70.4,79.1,24.8,63.5,55.9,39.9,66.7,105.2,80.2,48,35.1,54.6,75.1,76.4,63.2,74.5,71.2,87.6,69,133.3,102.5,82.2,43.2,43.1,146.2,84,114.2,81.6,56.2,51.2,91.9,46.8,92.8,28.7,71.8,78,69.4,64.9,77.2,46.5,58.4
白塔寺,35.8,25.3,36.9,14.8,33.3,22.5,127.5,28.2,23.1,22.6,14.8,12.7,24.7,19.3,12.4,37.4,43.7,71.5,38,37,34.7,49.6,106.8,4.6,73.5,16.8,99.4,17,86.6,89.5,30.1,95.5,32,72.3,55.6,18.2,23.9,32.4,37.9,28.3,40.3,37.7,21.4,71.5,39.5,21.6,18.7,46.4,90.3,68.5,13.6,26.2,48.7,0,34.7,82.5,101.4,66.3,22.4,133,144,7.9,93.3,43.2,51.4,25.7,34.3,24,89.2,69.4,36.1,109.4,93.6,71.8,108.2,18.3,71,7.3,19.2,16.6,48.2,67.6,54.2,11.3,18.8,106,30.2,17.2,50.1,47,19.2,48,20,19,74.1,77.8,34.3,26.2,67.2,70.3,83.5,19.5,35.5,50.8,47.5,35,22.3,36.9,30.9,49.3,30.2,40.9,74.8,50.1,26.2,16.4,111.5,45.4,31.8,49.2,32.2,50.7,27.3,78.9,24.8,38.2,103.8,43.9,156.3,122.6,26.2,22,59.8,155.4,26.4,119.8,104.5,27.9,23.3,78.6,17.8,95.4,44.5,60.7,94.9,97.6,55.1,25.6,36.4,75.1
龙潭公园,66.8,23,31.6,29.1,11.6,31.9,132.8,22.2,53,26.1,34.6,26.9,27.8,25.6,29.5,40.2,54.9,93.2,19.2,53,30.6,70.2,105.7,40.1,87.7,27,99.5,36.9,91,93.2,21.5,108.9,18.8,79,62,36.1,40.3,30.9,36.5,14.7,44.6,44.4,21.7,76.5,71.7,33.7,47.1,24.6,90.1,79.5,37.5,20.8,64,37.4,0,90.9,115,71.7,36.2,121.8,166.1,35.1,111.3,49.3,45.1,36.2,21.1,35.4,113,74,15.2,115.5,93.7,79.4,127.5,34.6,40.8,34.5,28.5,37.7,16.2,40.5,63,29.5,30.2,113.8,19.8,39.1,71.5,40.8,28.2,55.4,25.4,40.9,42.8,71.5,29.8,16.6,72.3,40.7,104.3,25.5,35,73.1,43.9,29.9,35.7,33.5,41,63.4,23.1,64.9,76.6,22.2,42.6,28.1,113,41,51.8,70.8,49,68.6,22.8,102.7,32,7.1,125.7,51.2,161.2,127,16.8,35.4,82.9,160.6,28.5,125.1,109.2,48.8,54,78.3,46.9,117.8,48.7,55.5,115.8,98.3,49.8,17.7,28.6,99.1
妙峰山风景区,87.8,111.1,74.6,92.5,94.6,100.8,162.8,82.5,78.1,100.8,98.7,89.2,103.1,72.1,98.2,112.2,99.4,97.5,113.5,76.5,75.6,77.3,127.5,91.3,112.8,108.7,152.9,78.8,124.9,127,104.5,134.1,107.2,89.6,88,91.8,98.1,109.2,114.8,97,88.2,63.5,84.7,110.9,90.2,102.3,81.7,92.9,143.6,75.5,88.2,92,79.5,95.8,98.9,0,128.6,86.3,87.2,176.1,169.8,98.7,123.1,62.4,73.2,96.5,87.9,113.1,101.7,108.3,110.3,129.5,148.1,108.4,132.3,76.7,124.4,99.1,88,90.5,102.3,120.3,59.7,93.2,100,127.1,119,94.5,80.4,77.6,114.8,69.7,101.3,92.9,122.7,92.4,80.4,97.5,104.8,119.2,110.3,101.3,107.7,71.8,125.2,76.6,95,113.4,68.4,88.9,83.6,85.3,122,124.9,96,111.7,164.8,86.2,95.5,62.6,72.9,91.8,102.5,103,111.9,97.6,128.5,75.4,196,162.2,94.8,94.8,89.6,183.3,112.4,173.3,142.9,78.8,79.8,98.2,91.5,119.9,88.9,77.5,118.4,130.5,71.1,93.1,117.7,99.2
黄花城水长城,103.2,139,121.5,110.1,130.4,112.4,141.3,139.2,101.8,98.5,119.3,107.8,96,116.6,118.8,96.8,100.4,98.7,128.3,108.2,128.9,54.1,168.6,117.1,140.7,125.6,155.3,117.9,96.5,57.9,125.8,161.6,122.2,130.8,127.4,129.1,91,95.7,93.3,135.4,75.8,102.1,139.7,81.9,106.1,136.1,107.5,135,145.4,96.4,115.7,139.7,69,118.2,125.6,126.9,0,129.4,125.7,219.2,111.8,115.3,102.6,103.5,114.8,92.6,130.2,136.6,119.4,76.8,125.4,169.8,137.3,84.9,129.2,117.8,117.8,114.3,126.9,114.7,120.5,112.2,87,106.5,113.9,150.4,114.9,115.9,77.3,121.1,120.9,112.3,97.1,113.6,113.6,134.8,130,127.1,76.4,111.2,50.6,97.5,91.7,81.6,109,119.8,91.6,98.8,112,118.6,134.7,87.4,98.9,109,89.8,128.8,166.8,128.6,99.8,82.5,104.8,126.2,139.3,99.3,129,129.3,130.3,115.7,172.2,136.3,140.4,93.5,86.1,111.5,138.2,163.6,116.6,107.3,100.8,139.9,97.1,82.2,68,121.2,121.8,106.7,114.7,137.6,98.9,103.6
石花洞风景名胜区,69,82.4,56.8,78.3,74,87.4,166.9,64.1,61.2,86.9,87,75.5,86.1,54.4,84.8,93.7,81.7,102.2,93.2,56.1,51.9,78.1,78.7,70.9,90.8,85.5,143.4,58.8,124.5,127.4,81.3,111.6,81.3,69.4,65.5,68.3,80,91.4,92.8,73.8,88.5,48.8,62.8,110.8,73.8,79.7,63.8,58.2,134.2,73.3,67.5,69.2,80.7,72.7,74,83.7,129.1,0,72.2,131.6,169.9,75.8,123.5,39.2,37.4,78.3,61.3,88.6,112.5,108.1,83.8,57.5,139.2,108.8,131.5,57,85.8,76,61,71.2,72.3,79.9,57.1,75.1,82.4,108.8,95.3,73.9,80.8,48.2,91.8,32.8,83.3,72.4,82.9,40.8,59,75,105.2,80.7,111.7,83.5,90.7,72.6,105.8,55,77,95.5,47.4,67.7,56.6,85.1,122.6,92.1,74.4,89.4,154.9,47.5,73.7,62.6,52.1,71.7,80.9,103.2,89,73.1,128.7,54,196.4,162.9,71.7,77.1,90.8,183,89.8,164.6,143.6,58.6,59.5,50.5,74.5,121.4,92.6,39.2,118.9,131.6,41.5,70.8,94.8,99.5
中国人民革命军事博物馆,40.4,36,22.9,26.3,31.1,33.9,139.6,21.6,28,33.2,33.2,23.6,35.6,13.7,31.2,48.9,58.6,83.8,38.9,37.2,26,63.2,97.8,20.7,72.1,34.2,112.4,15.1,100.9,103.5,30.6,93.8,27.9,65.9,48.9,17.1,38.4,51.4,51,27.5,54.5,32.1,21.8,86.7,45.5,27.7,22.5,42,102.8,65.8,19.6,25.4,63,23.2,29.3,81,114.3,59.5,0,123.5,154.5,27.2,105.5,36.4,37.2,36.8,30,35.4,102.8,83.4,29.1,100.8,106,85.5,119.5,16.9,65.7,26.4,10.5,21.1,43.5,63,50.2,22.1,29.1,101,34.2,22.6,62.4,35.3,46.1,42.8,29.2,22,69,63,30.6,22.6,80.2,66.1,95.3,29.3,46.4,63.6,65.8,21,32,55,28,49.2,26.2,55.5,87.1,45.9,38.9,37.1,124.4,40.9,45.5,55.7,33.6,53.1,33.6,91.2,37.2,29.5,116.2,37.8,168.2,134.9,25.1,32.1,72.3,166.6,38,132.2,116.1,30.6,27.8,69.4,29.8,106.1,56.1,45.9,107.1,106.9,39.8,23.1,51,87.4
北京野生动物园,86.8,90.6,56.3,85.9,67.6,95.5,177.4,61.4,86.8,93.7,89,82.7,96.3,65.6,93.6,96.7,120.4,128.2,87,73.1,48.1,103.3,117.4,77.5,108.7,93.8,121.4,74.2,134.3,137.6,88.6,130.9,85.5,102.8,84.5,73.1,99.1,85,96.3,67.3,110.3,66.1,66.2,120.7,90.4,87.6,81.8,49.2,111.5,98.3,78.6,61.1,106.2,80.9,65.3,108.5,154.4,75.9,77.3,0,193.9,84.5,147.5,63.3,61.8,98.1,51.2,97.5,135.8,118.1,84,126.4,115.1,106.8,157.6,72.5,71.7,84.4,68.6,84.2,64.5,66.7,81.8,82.4,90.1,134.9,88,84.8,106,52.5,101.5,67.9,90.6,86.2,68.8,72,52.9,76.1,114.9,66,136.5,90.3,96.4,98,97.8,54.5,92.5,86.7,63.4,83.8,46.9,100,107.9,83.3,100,96.7,134.6,35.2,105.7,88.5,68.7,87.4,89.6,128.3,96.7,66.9,154.9,72.3,209.3,173.6,65.5,92.9,115.7,206.8,97.7,141.4,153.6,80.2,86.5,94.7,88.4,147.5,92,53.2,145.4,125.5,64.6,76.9,86,125
百里山水画廊,152.2,186.1,171.1,155.1,210.7,168.8,183.4,198.7,164.5,173.9,163.4,154,167.9,167.8,163.3,175.6,158.9,96,189.2,170.6,204.4,109.7,221,162.1,209.4,169.7,192.2,181.6,106.7,127.6,179.4,232.3,186.4,182.8,181.3,186.4,149.3,173,179.8,192.9,146.3,153.3,188.6,106.3,154.5,181.5,171.4,194.9,182.2,139.3,177.9,191.1,142.2,165,189,171.5,108,180.5,189.5,272.3,0,159.7,69.6,154.3,167.4,151.6,216.3,183.7,150.5,109.2,185.2,220.9,194.7,133.7,101.5,181.2,204.6,158.6,198.1,165,206.4,194.8,129.9,151.9,160.5,186.8,180.9,165.6,108.1,175.9,178.8,160.7,163.6,163.4,191.7,188.8,205.8,187.7,102.5,193.8,121.5,163.2,164.9,114.3,188.8,169.3,151,177.5,184.2,182.8,211.3,135.4,141.1,197.8,151,176.9,203.6,181.6,148.9,125.3,166.4,186.7,187.1,87.2,174.9,191.6,122.1,169.8,184.3,110,193.1,151.1,94.1,31,185.2,200.8,128,170.3,160.6,192.8,146.8,51,134.6,175.2,104.6,155.9,166.8,189.1,181.3,92.3
中国地质博物馆,37.9,25.4,39.7,14.9,27.6,23.1,128.4,28.3,26.3,22.9,10.5,13,25.3,22.7,11.3,37.7,47.8,73,37,40.3,39.2,51.7,108.9,7.3,77.1,21.4,98.5,18.7,89.2,91.6,30.2,99.2,27,75.6,59.8,22.8,28.1,34.3,39,24.8,43.7,39.8,21.1,74.9,43.3,18.1,21,49.8,88.6,70.9,16.4,22.6,52,6.9,36.3,85.2,102.8,70.1,20.7,134.3,147.5,0,95.3,47.1,54.4,26.8,43,23.9,94.1,72.3,34.9,113.8,93.9,74.9,109.2,19.7,66.5,7,24.8,18.9,43,62.9,57.1,12,18.5,108.6,30.7,19.8,52.9,50.9,19.8,53.2,22.1,21.5,68.3,80.8,38.6,21.6,69.6,65.8,84.7,21.4,36.5,53.1,54.4,37.6,22.8,44,33.2,52.8,34.1,43,75.3,45,30.6,17.2,111.1,48.4,36.6,52.5,35.7,54.5,26,79.9,24.4,33.8,105.6,48.5,157.4,123.7,21.9,22.9,61.7,155.3,25.1,119.8,105.3,30.3,26.5,81.2,20.1,98.8,46.2,63.6,96.3,97.3,57,21,37.4,76.2
龙庆峡风景区,95.2,128.3,107.7,97.8,131.7,108.7,163.7,123.7,92.5,106.3,106.4,95.5,103.3,101.4,106.6,106.7,97.4,43.2,121.2,98.2,107.1,52.6,154.3,105.5,134.8,113.3,153.1,106.2,152.9,112.1,125,155.3,120.6,119.5,116.8,114,88.8,106.4,106.8,129,86.2,90.4,125.1,108.6,97,122.5,98.2,122.3,143.9,84.5,105.3,127.8,77.8,106.3,122.2,112.7,99.3,116,114.3,204.1,69.1,104.2,0,90.7,101.3,93.3,114.7,125.7,94.5,105.1,118,157.8,146.6,107,44.5,106.8,126,103,115,103.2,130.6,121.7,75.4,94.1,101.4,130.3,113.4,103.3,55.9,107.6,118.7,98.7,103.7,101.5,122.6,121.1,108.5,124.2,102.5,119.2,82.9,103.2,103,56.7,120.2,105.5,91.5,108.6,101.7,109.4,110.7,80.9,120.3,117.6,89.1,116.3,164.2,114.7,88.8,70.8,93.6,113.5,127.8,28,117.3,123.3,67.9,104.8,195.7,154.7,125.5,91.6,41.2,82.7,126.7,171.5,172.8,95.6,90.1,126.5,84.7,27.3,87.2,107.7,38,129.2,101,123.9,106.7,31.3
北宫国家森林公园,45.8,59.6,29.8,54.2,50.2,62.5,140.3,40.7,40.5,62.3,64.7,51.5,62.2,31.8,64.6,69.5,58.8,75.4,70.5,35.6,36,52.6,72.2,48.3,70.3,64,129.7,38.2,98.8,101,56.4,91.6,58.8,55,46,44.4,54.2,65.7,68.9,50.3,63.8,26.8,40.1,85,52.7,56.5,39.2,49.8,120.6,48,44.5,45.3,54.3,49.7,48.6,59.2,104,38.3,48,117.3,144,53.2,97.1,0,23.7,52.3,42.7,67,83,82.8,61.6,84.2,124.8,83.8,105.6,37,75.4,53.4,37.5,46.4,56,69.7,32,51.1,57.9,81.9,74.1,52.8,55.3,36,70.5,17.3,58.8,51.3,72.2,42.6,37,51.2,79.8,70,85.7,58.3,63.5,47.6,80.3,27.1,50.1,69.1,31.7,46.5,38.9,60.6,97.3,77.5,51.1,66.6,141.7,36.7,50.3,37.6,31.4,50.6,59.6,77.5,66.8,49,103.8,34.3,170.1,137.6,48.2,50.1,64.3,157.8,67.6,150.9,118.2,38.2,38.9,47,47.9,95.4,64.3,28.6,93.8,105.4,18.7,46.9,71,74
北京南宫旅游景区,54.7,69,27.4,57.3,49.4,65.5,151.6,43.9,50.3,65.3,72.5,54.3,68.3,38.6,71.2,77.7,67.8,87.6,71.3,43.8,34.6,63.7,70.7,54.8,78,70.2,133.4,43.9,109.9,112.9,64.3,99.2,64.3,65.3,57.2,52.1,59.3,71.8,86.9,52.2,75.5,38,44.6,96.5,61.4,64.3,44.3,41.9,124,59.2,50,44.5,66.2,56.2,48.1,70.6,115.3,35.8,49.1,114.9,155,59.5,108,24.5,0,57.6,41.4,74.6,94.9,93.9,63.8,83.8,127.2,95.1,117.7,42.1,74.5,59.2,43.3,51.3,54.9,69.9,43.8,53.6,60.6,93.7,68.9,58.1,66.9,32,77,27.6,61.8,55.7,70.8,40,35.8,57.3,91.6,68.9,96.1,62,69,59.1,86.2,24.8,56.2,74.8,34.8,55.3,37.8,70.2,108.5,74.5,60.2,73.7,144.5,33.8,59,48.9,39.8,59.1,67.5,89.2,73.5,48.9,115.4,46.2,182.6,148.9,49.5,56,75.3,169.5,74.6,152.2,129.3,46.6,47.2,45.2,53.9,106.9,78.5,24.6,106,117.3,10.1,54,77.6,85.2
元大都城垣遗址公园,34.8,38.4,38.9,19,41.7,25.4,108.8,45.3,24,19,27.2,16.5,14.8,38.8,24,28.1,27.1,67.5,38.5,35.9,40.9,45,111.5,27.1,70.6,27.4,92.6,30.9,67.6,70.3,40.9,92.2,35.5,76.2,61.3,38.3,9.8,19.6,24,49.1,23.2,41.1,48,54.1,41.5,45.1,18.7,52.1,82.4,61,28.9,54.9,40.6,29.8,35.9,88.7,91.1,72,39.9,157.7,139.5,27.9,89.5,49.1,52.2,0,48,37.2,86.8,51.7,36.9,114.6,84.1,54.7,103,33.6,63.4,28.8,41.3,27.4,38.5,62.5,51.6,19.2,19.3,108.3,32,28.3,45.8,51.1,28.2,55.2,18.6,26.2,63.5,79.2,42.8,40.9,49.2,61.5,79.8,18.3,19.9,46.5,31.5,37.2,10.6,21.3,35.2,48,50.7,45,66,38.8,14.9,25.3,103.2,65.6,21.8,50.9,32.5,51.1,36.8,73.9,32.1,38.6,100.3,50.3,139.2,107.3,49.7,6.2,54.7,138.2,37.4,111.8,87.5,27.5,24.1,83.5,14.4,90.6,25.9,61.3,91.2,74.5,55.5,41.6,27.6,70.2
南苑森林湿地公园,52.8,40.4,24.1,49.5,22.3,65.9,144.9,27.4,41.5,49.4,51.1,46.5,51.2,30.3,50.5,54.3,76.7,112.2,41.6,44.7,17.1,88.3,95.2,41.6,79.3,50,105.2,38,102,107.6,39.1,100.8,44.9,70.9,54.1,39.4,55.1,37.2,55,21.6,59.6,37.3,26.4,91.5,58.9,43.9,35.8,19.6,96.2,72.3,44.2,20.4,79.1,43.4,21.7,84.3,127.2,57.5,41.6,103.8,184.9,46.2,129,42.4,36.7,53.6,0,47.5,107.6,88.7,46.9,106.5,100,96.2,145.7,37,47.4,47.8,33.4,48.4,19.6,42.4,56,45.7,52.8,105.8,40.6,49.8,90.7,27.1,57.9,48.3,48.4,51,43.6,64.1,16.4,29.1,86.9,41.9,118.8,48.5,48.3,71.5,50.6,22.4,52.4,40,34,56.2,10.5,80,92.5,37.7,58.7,57.8,117,26,64.8,61.5,41.2,59.3,39.2,114.3,53,28.1,142.6,43.2,177.2,142,20.5,54,100,172.1,41.8,126.3,122.9,38.7,41.7,67.1,53.2,134.1,62.1,43.7,132.2,109.5,40.1,30.6,45.9,110.5
天安门,56.8,9,38.8,19.4,17.4,21.4,130.8,31,44.1,25.4,15.2,19.1,33.1,25.2,12,43.1,50.1,87.8,23.3,51.7,41,65.9,113.2,21.6,89.9,8.4,102.2,31.1,89.2,92.8,7.5,111.2,15.4,79,62.1,23.5,33.1,32.2,40.3,19.5,44.2,43.8,19,75.3,62.7,19.2,38.9,45.1,91.6,81,30.2,22.7,62.8,21.6,20.1,92.1,114.5,72.8,29.1,137.7,162.1,22.6,109.6,49.8,53.4,27.8,35.7,0,109,73,17.4,117.2,94.8,83.8,124.1,32.7,51.9,16.7,24.2,32.6,28.8,48.3,63.8,21.2,22.5,113.5,18.6,33.6,66.3,52.9,16.5,56.2,29.1,35.4,54.4,80,40.9,11.3,70.4,51.5,101.9,29.1,38,67.8,46.9,37.5,32.5,36.4,40.5,66.1,37.2,57.9,78.1,32.5,35.5,13.1,115.4,51.2,43.7,67,49,68.2,7.2,95.3,9.1,25.3,122.5,51.4,161.4,127.5,18.8,28.2,76,159.2,7.8,123,108.2,46.2,44.4,88,37.7,113.9,47.1,63,110.5,99.2,56.4,11.2,37.5,91
白瀑寺,92.8,122.6,99.8,92.7,115.6,103.9,156.5,107.7,89.8,101.8,102.1,90.5,98.6,97.7,101.7,102.3,92.1,83.2,122.8,94.8,101.2,68.8,146.9,100.7,129.1,109.7,144.8,96.7,114.5,117.9,121.2,150.4,119.8,115.2,107.2,112.2,82.5,104.1,96.5,114.3,79.8,81.1,106.7,100.6,92.8,120.2,94.2,115.7,134.7,81.2,101.7,110.2,71.8,101.5,121.3,96.2,119.9,112,104.2,195.1,147.3,99.9,94.3,82.7,93.6,88.6,109.4,119.6,0,97.9,118.9,154.7,138.6,100,103.6,95.2,119,98.2,103.1,99,131.6,114,69.1,89.3,96.7,90,114.2,99.3,77.1,99.2,114.1,102.8,99.2,97.8,115.6,114.7,103.8,123.5,95.3,113.2,101.9,98.1,95.8,44.3,121.2,98,87.4,110,87,107.1,105.8,77.1,113.9,117,84.8,111,157.7,108.3,84.5,64.7,91.5,111.8,121.9,79.2,114,124.3,103.9,96.6,187.6,152.8,112.3,87.3,83.9,161.8,121.2,165.3,133.5,93,87.9,120.3,81,101.3,81.2,100.7,94.6,121.8,93,120.4,105.8,75.2
红螺寺,76.2,86.5,90.2,65.8,92.3,73.4,88.7,97.6,68.3,58.3,75.6,63.1,55.9,86,75.2,58,62,83.2,86.8,73.8,92.8,72.5,143.9,74.1,107.7,87.2,93,81,28.1,32.7,85.5,129.1,80,107.8,105.8,85.7,51.9,58.4,54,96.5,37.5,78.6,97,18.8,81,95.1,65.8,97.4,83.3,72.1,73.3,103.7,44.4,77,86,102.8,71.5,104.3,86.4,186.2,115,77.3,103.5,79.9,90.6,54.9,94.2,97.4,97.5,0,86.6,146.5,96,34.6,118.6,78.3,77.6,76,88.2,73.2,83,71.8,63.3,65.5,67.9,124.9,74.6,74,57.8,93.9,81.2,88.1,57.8,72.2,73.6,110.5,95.9,86.4,8.2,71.1,69,57.8,52.8,57.9,72.9,90.5,54.2,62.3,78.3,84.8,96.7,48.4,41.4,69.3,51.4,76.8,105.3,93.9,59.1,58.5,70.3,90.3,85.9,90.7,85.9,89.8,118.3,93.8,119,69.8,99.8,55.1,67,94.2,97.2,100.2,50.7,72.2,66,116.3,60,110.5,30.1,96.7,106.2,54.1,90.2,87.4,59,86.6
中国海关博物馆,51.7,17.5,42.1,19.9,23,22.4,121.6,31.9,38.5,16.7,21.1,17.4,18.5,31.7,18,26.8,46.8,80.1,8.1,49.4,41,58.1,116.1,29,85.7,15.3,92.7,31.1,79.3,82.3,15.3,106.4,12.7,85.5,69.1,29.9,29.6,23.9,26.2,24.6,34.1,50.4,26.1,65,57.4,26.4,32.7,31.3,81.8,73.9,26.7,29.6,52.6,31.9,12.5,100.6,104,79.5,34.7,137.7,151.6,28.7,99.9,56.3,56,23.9,29.4,22.6,100.2,62.5,0,121.8,85,69.7,115.3,39.2,41.9,22.5,30.1,26.9,19.8,38.6,64.6,20.1,19.6,121.8,11,27.9,59.1,53,15.2,61,15.2,29.1,43.8,83.3,39.9,18.4,60.3,41.4,92.8,15.1,24.3,59.6,37.2,39.6,23.8,27.2,45.9,62.5,31.2,53.9,66.1,23.1,31.6,15.3,103,50.3,40.2,58.5,46.1,65.6,15.3,87.6,25.5,14.8,114.4,56.7,151.5,117.3,25.3,23.3,68.3,148.9,16.6,113.3,99.1,43,38.8,87.5,30.7,104.7,37.8,64.9,103.1,88.3,58.6,18.8,27.1,84.1
圣莲山风景区,108,122.5,96.6,118.8,113.2,129.8,209.8,102.5,101.2,131.5,127,115.8,124,92.2,124,130.7,122,142.8,129,96.3,97.5,118.3,109.2,109.4,129,127.3,208.3,98.6,167.6,169.6,118.4,151.8,119,106.5,103.3,105.2,119.7,130.9,131.5,112.6,130.2,89.1,101.3,152.8,114.1,116.4,101.5,106.6,197.6,111.9,103.7,107.6,120.4,110.9,111,126.2,169.3,56.9,108.1,182.3,207.8,114.6,162.9,81.8,91,115.7,104.8,126.5,152.9,150,122.2,0,201.4,155.3,170.9,96.7,135.2,114.7,97.7,108,119,129.5,95.9,115.5,122.6,176,137,114.1,120.6,95.7,131.4,72.2,126.9,112.8,132,87.7,98.8,113,148.1,129.7,151.3,127.2,128.1,113,146.8,94.5,114.9,134.8,87.3,106.2,101.7,126.9,170.1,141.3,113.7,128.7,221.7,95.7,114.5,102.2,91.8,111.5,120.9,142.9,129.3,112.5,169.9,92,241.8,205.7,111.5,115.5,130.7,223.4,128.5,228.4,186.3,99.1,99.7,110.1,113.9,161.8,138.4,87.9,159.8,175.2,89.4,110.1,137.1,140.2
北京平谷金海湖风景区,121.5,119.3,139.3,105.3,119.7,108.8,132.3,134.2,115.8,99.2,112.8,102.5,100.7,127.8,109.3,89.1,109.7,136.4,113,119,131.3,113.5,201,112.9,153.3,113.5,47.2,117.7,119.2,135,118,173.7,112.7,168.2,151.7,124.5,98.9,95.2,86.1,125.2,88.8,129.8,128.6,111.8,126.5,129.8,109.5,120.5,36.5,127.3,113.3,133.7,101.8,116.5,114,156.7,152.2,164.7,130.8,192.8,212.4,117.1,158.3,137.2,150.5,99.7,123,120.9,151.8,109.1,113.8,205.9,0,93.8,173.5,120,96.2,114.6,127.5,113.8,106.3,103.6,118.4,105.4,105.6,181.5,106.5,115.2,113.5,142.4,109.7,147.3,100.2,115.6,107.1,166.8,133.1,118.7,106.4,103.2,141,100.4,92.5,113.3,110.7,139.8,99.4,99.9,124.9,130.9,125.2,104.3,80.3,94.8,97.9,111.7,58.8,123.3,105.4,114.5,115.7,135.4,119,144.1,116.9,116.6,171.9,141.1,157,146.5,129.3,100.3,122.8,193.7,121,63.7,126.7,117.9,111.5,174.1,106.9,158.2,85.2,142.3,161.1,69.1,153.1,120.4,87.3,140.5
顺义奥林匹克水上公园,82.2,83.8,97.7,69.9,85.3,73.9,85.3,100.8,73.1,63.5,78.2,66.8,61.2,93.6,74,60.9,67.5,85,84.5,79.1,97.8,63.2,147.7,77.7,114.6,78.3,79,82.9,46.2,57.9,82.2,136,76.8,112.2,110,90.7,57.1,62,53.1,91.3,42.2,83.4,94.4,37.7,86.4,93.9,71.2,89.1,68.8,77.9,77.4,98.9,51.2,81.9,78.3,108.1,83.6,109,89.7,170.1,136.3,81.2,106.9,84,94.8,60,98.7,87.2,101,35.6,87.6,149.9,81.6,0,120.5,82.2,59.5,80.2,91.8,77.3,74.5,63.4,68.5,69.5,70.2,129.9,72,78.5,63.3,100.7,74.7,92.5,63,76.5,60.1,115.4,110.2,84.3,33.1,62,80.4,63.4,61.5,63.4,77.5,96.2,59.7,66.2,84.1,91.6,102.5,58.5,19.8,60.9,56.1,76.3,90.6,80.3,64.1,63.9,75.5,95.6,83.5,92.1,83.2,82,118,98,115.3,83.5,95.2,60.8,72.3,117.3,86,85.8,63.2,78,72,121.1,65.3,123.3,34.9,101.1,108.7,53.8,95,85.5,53.2,87.8
玉渡山风景区,113.5,141.4,121.4,114.1,151.4,126.5,179.1,143.5,113.3,118.6,121.8,112.5,115.7,118.2,121.2,121.5,112.3,58.7,142.8,118.8,122.6,88,169.1,121.6,152.1,128.9,166.1,126.1,135.7,148.9,139.9,170.4,140.2,134,130.3,134.3,102.7,124.1,120.8,147.9,100.9,103.7,143.8,122.2,111.8,138,107.8,139.8,156.6,94.8,121.7,147.3,90.9,123.3,142.1,129.1,133.8,129.8,141,223.1,102,119.8,45.9,105.3,116.1,108,131.4,139.7,104,120.7,138.3,172,161.5,122.9,0,126.7,144.3,119.2,136,118,151,137.5,86,111.4,118.5,140.4,134.6,118.5,70.6,121.8,132.3,113.7,119.1,116.8,138.1,137.3,125.5,143.6,117.9,136.5,118.9,118.6,118.2,69.2,140,120.1,107.2,127.8,111,129.1,128.3,94.7,137.8,140.9,104.2,129.9,179.7,130.3,103.5,82.5,114.6,135.6,142.7,45.7,133.9,143.6,77.7,119.2,213.1,190.3,147,107.3,61.5,116.9,141.4,188,156.6,117.9,110.4,143.3,100.9,60.1,102.7,123,54.5,145.3,116.5,141.8,127.7,47.5
中央电视塔,31.4,40,21.5,22.6,39.3,30.8,128,25.1,20.7,31,29.1,20.3,29.4,13.4,29.5,46.4,52.2,77.9,46.3,29.1,24.3,54.6,95.8,18.9,63.3,35.2,109.8,7.1,89.3,92,38.6,84.9,36,60.6,44.1,20.1,32,43.4,44.5,36,42.9,25.4,26.6,74.1,36.6,34.6,14.4,40.4,99.8,57.7,12.8,33.1,55.2,21.6,32.1,73.7,106.5,54.5,16.9,124.1,146.2,24.8,98.7,32,34.7,27.8,29.2,37.9,103.2,71.4,38.5,95.4,101.7,74.6,115.3,0,75.3,24.2,15.4,18.4,44.9,63.8,41.7,20.4,25.6,92.2,44.6,20.4,55.9,34.5,36.6,38.1,27.3,19.2,65.5,61.9,26,31.1,69.5,63.7,88.7,27.8,38.8,55.9,58.5,19.7,24.3,47.9,19.9,39.9,25.4,47.2,86.8,54.1,35,34.6,122.6,39.4,40.8,52.8,24.6,42.8,41.1,85.6,38.9,33.9,111.9,33.2,160.9,126.8,33.2,23.8,64.6,157.5,39.9,131.1,107.7,23,20.1,67.2,23.5,98.3,46.4,44.4,101.7,93.8,37.8,31.3,48.5,81.8
通州大运河森林公园,88.2,66.1,66.8,77.5,53.8,81.2,142.1,68.5,79.8,71.9,80.8,74.7,73.2,72,76.4,49.5,72.2,97.7,53.4,86.5,57.5,75.6,131.6,82.8,121.1,70.5,89.5,88.3,105.2,93.3,64.8,140.5,59.5,113.2,97.6,81,61.1,48.7,49.6,58.1,51.8,79.2,62.9,75.6,93.2,76.8,78,48.7,79.3,89.4,85.7,64.9,61.9,82.7,45.4,120.2,113.1,89.7,85.6,133.6,166.4,79.8,119.7,76.8,73.3,66.2,46.7,70.5,112.8,73,56,138.8,83.8,56.6,131.9,89.9,0,80.8,80.7,86.6,34.3,12.4,80.5,76.4,76.5,143.1,61.8,86.8,75.4,67.2,75.5,81.5,70.4,87.9,29.8,88,57.5,57.2,70.7,11.2,102,70.9,55.2,75.6,62.1,65.4,65.3,51.2,79.1,97.3,49.7,66.2,54.4,40.8,59.2,70.8,104,49.9,67.3,77.3,82.1,102.4,65.5,105.2,75,45,130.4,86.4,172.4,143.3,60.3,66.8,84.5,159.1,68,113.1,124.2,83.2,77.2,104.7,72.8,119.4,47,68.5,120.7,92.1,78.9,58.9,40.5,102.5
天主教北京教区西什库教堂,40.6,23.1,44.1,13.7,31.1,18.5,126.7,29.9,27.9,22.5,6.3,10.9,21.6,24.7,6.8,36.2,45,73.4,27.6,41.7,40.4,50.9,110.4,8.3,77.9,12.6,101.1,20,86.4,89.2,22.7,99.8,27.6,79.4,62.2,22.1,25.2,33,37.1,27,40.1,42.6,22.6,72.1,45.4,21.1,22.2,51.5,91.3,66.1,16.8,25.5,50.1,8.3,26.6,92.2,102,73,27.5,141.1,145.3,6.4,95.3,49.1,57.3,24.8,39.8,20.9,90.2,69.3,30.9,115,93.7,71.8,110.2,22.6,68,0,25.2,19.6,44.1,63.8,57.2,11.7,14.4,111.2,22,20.8,51.1,52.2,13.6,55.5,22.3,22.1,68.2,85.6,40.2,24.3,66.9,66.7,83.5,22.4,34.7,51.8,50.3,42,22.8,39.8,36.6,53.5,36,41.7,77.3,47.1,27.6,11.1,113.5,51,33.4,51.5,37,55.7,23.3,80.5,17.6,30,105.9,50.6,158.2,123.5,25.4,21,60.6,155,22,123.5,104,31.6,28,83.5,21.6,96.8,43.5,67.7,95.6,98.2,61,24.2,48.9,76.5
白云观,46.1,28.4,26.8,22.9,25,31,134.4,14.7,32.7,31.1,28.8,20.4,38.6,9.8,28.3,49,53.8,81.4,32.2,34.8,24,60.2,94.6,16.4,70,29.9,113.3,19.4,95.7,97.8,24.3,91.1,21.6,61,44.4,12.6,33.8,40.5,51,21.2,49.2,27,12.3,81.6,51.1,22.8,27.2,33.9,101.8,61.7,25.8,18.4,59.9,19.3,20.8,75.2,112.4,54.7,19,116.2,154.1,20.7,101.1,32,40,33,23,31.8,99.1,78.4,23.1,96.2,104.4,80.7,117.5,19.7,60.2,20.3,0,25.1,37,56.3,45.8,19.7,25.9,96.2,27.6,25.4,60.6,34.3,38.3,37.6,27.4,23.5,62.3,67.4,23.1,18.6,75.5,60.4,94.6,27,46.5,60.7,54.1,24.9,29.1,43.5,23.7,45.9,19.6,51,87.2,40.5,36,32.9,124.5,33.1,41.7,51.1,30.9,49.2,28.3,88.5,32.6,22.6,114.2,33.3,165.7,131.2,19.1,29.1,69.7,163.2,33.4,134.9,112.3,29.6,33.2,67.8,26.6,105,51.6,49,103.2,108.7,42.5,18.9,46.7,84.7
北京动物园,35.7,44.4,42.3,22.9,43.3,29.2,127.4,34.5,22.8,29.2,25.2,20.5,27.2,26.5,25,40.8,45.4,74.1,46.5,34.5,42.2,53.2,114.6,15,69.9,31.6,108,18.9,87.7,90.7,49.5,91.4,44.3,76.8,62.9,21.3,26.2,37.5,43.1,44.9,41.5,40.5,36.9,73.1,40.6,37.8,18.1,54.9,97.7,69,12.2,37.5,52.8,18.1,45.1,90.3,103.2,73.4,22.5,142.4,146.2,21.1,97.1,50.1,56.5,26.2,42.5,41.5,91.1,70.4,45.6,114.5,99.7,73.1,110.3,20.4,86.6,20.9,22.2,0,61.7,82.7,57.6,20.5,26.6,107.5,40.8,9.7,53.3,52.2,36,56,25.7,7,86.9,84.1,42.7,42,68.1,85.8,85,26,36.8,54.2,51.4,39.8,22.8,41,34.2,46.5,38.7,44.2,85.2,57.9,28.4,33.3,119.7,54.3,34,56.2,30.7,49.5,44.4,82.2,42.6,42.4,107.7,51.3,159.1,125,42.3,22.4,62.5,155.8,43.5,128.9,106.2,33.1,22.9,91,20.3,98.6,45.3,67.3,98.6,92.9,60.2,40.9,47.7,78.3
北京欢乐谷,77.6,42.5,42,52.8,27.8,57.3,137.1,42.1,62.2,48.8,56.5,50,51.3,45.6,52.4,42,68,106.9,31.3,75.3,33.8,82.8,111.1,59.8,112.4,47.6,95.6,54.4,96.7,99,41,132.4,37.4,91.8,75.1,57.9,46.7,28.8,47.5,31,50.6,57.1,40.9,81.8,81,54.6,55.4,25.6,85.8,100.1,62.3,37,68.8,59.3,20.8,106.1,118.8,73.5,62.3,125.2,176,56,122.5,61.8,52.5,44,22.5,48,124.6,79.5,34.9,124.5,88.9,85.2,140.4,64.8,35.8,56.1,56.5,61.2,0,30.6,75.8,51.4,52.2,126.9,38.8,62.1,83.8,43.9,51.1,67.7,46.2,63.2,32.2,79.9,32.7,34.5,76.9,30.6,108.5,46.1,39.5,84.4,41.2,40.3,43.1,30.8,53.6,88.3,25.6,69.9,86.1,28.2,48.7,46.8,108.8,41.9,55.3,83.2,71.1,91.2,39.7,108.4,50,22.9,136.9,63.2,169.4,134.2,33.5,44.5,94.4,165,42.2,117.3,114.7,66.3,62.2,84.7,50.7,127.5,53.7,60.4,127.1,108.2,58.8,36.2,38.8,105.8
北京大运河博物馆,79.8,54.9,62.8,66.1,49.2,71.2,134.1,64.3,71.9,61.3,70,63.2,65.6,67.5,65.9,42.5,64.7,98.3,43.5,78.5,53.3,75.9,131.8,72,113.5,61.1,91.2,79.8,91.5,93.4,54.5,133.8,49.8,106.4,91.7,71.7,54.2,39.7,41.6,53.1,54.4,71.8,57.5,76,85,67.8,67.9,41.7,83.8,90.2,76.5,59.5,61.5,74.2,39.4,116.6,114.5,82.9,77.3,123,166.3,70.1,120.7,70.2,66.2,56.2,42.3,60.8,113.2,73.3,45.9,132.3,87,60.7,134.1,80.1,12.2,70.3,71.4,76,26.7,0,81.5,66,66.1,141,51.6,76.8,76.4,59.4,65.4,75.1,60.5,77.8,25.1,80.6,52.5,51.2,71.2,2.7,101.1,60.8,47.6,75.9,52.9,60.5,55.2,42.5,71.4,89.6,45.2,65.6,59.7,32,52,61.2,107.6,42.6,60.6,87.5,74.3,95.5,55.1,106.1,64,44.5,133,80.1,163.8,130.3,55,57,85.6,159.6,57.8,116.8,110.4,75.2,70,90.6,63.9,120.8,47.4,60.8,122.3,85.8,71.5,53.5,33.6,102.5
大觉寺,56.9,73.6,50,58.9,65.9,69.4,123.7,55.8,41.6,67,67.9,57,63.6,45.5,68.2,69.2,58.7,60.1,84.2,50.5,49.3,35.3,95,63.8,85.9,77.4,114.6,52.6,82.8,85.8,71.8,107.5,72.2,65.7,58,58.4,49.7,68.5,63.7,65.9,46.9,37.6,54.8,68.6,38.2,71.7,48,63.3,105,22.7,60.3,60.2,37.6,67.7,63.4,57.3,86.1,56.5,60,148,125,65.1,78,32.8,43.6,53.4,56,80.7,68.2,65.3,74.7,97.8,107.4,67.5,86.3,50.2,86.7,63.6,51.7,59.8,68.3,81.8,0,55.4,62.3,74.6,78.2,66.3,38.2,48.6,78.4,40.5,64.1,65.3,83,63.7,50.6,66.2,63.3,80.2,68.3,63.4,62.2,30.7,83,48.3,52.4,71.7,42.2,62.1,52.8,43.9,81.6,83.4,51.4,76.7,126.4,57,51.4,21.1,46.8,66,72.7,62.3,80.8,64.8,86.6,46.7,155.7,121.3,63.9,52.5,47.1,138.9,82,134.9,101.8,45.8,41.5,67.5,48.2,77.2,47.6,48.8,77,89.3,42.8,62.1,73.8,58.3
后海公园,38,32,47.5,4.1,33.5,12.3,119.1,33.5,27,13.2,15.4,1.7,14.9,27.8,15.7,28.2,39.7,67.2,28.1,36,44.1,43.9,113.7,15.7,71.2,19.9,91.1,19.4,76.8,79.4,30.8,92.8,27.2,78.3,66.3,27,20.2,26.6,31.1,40.9,30.9,42.4,35.4,62.1,45,31.5,21,58.2,82.2,59.7,15.7,41.1,43.5,18,27,91.3,95.1,77.2,31.6,145.8,136.8,18.9,88.5,53,61.5,15.6,43.6,30.7,81.6,58.8,26.4,119.7,84.9,62,101,20.6,67.7,16.6,27.7,15.3,43,63.2,50.2,0,7.8,107.8,22.1,16.1,44.1,56.2,19.5,59.2,8.8,21.8,70.4,89.9,44.5,33.5,56.3,66.8,76.7,8.8,27.1,44.6,40.6,45.1,13.9,30,34.6,48,39.5,34.2,67.1,39.4,22,18.4,103.3,56.2,28.4,44.6,32.3,51.1,33.3,74,25.1,30.3,100.5,54.2,148.5,115,36.9,11.7,53.3,145.8,32.6,114.2,96.1,29.4,26,86.4,18.1,88.8,33.7,70.8,90.3,87.9,63.9,35.8,30.3,70.2
鼓楼,44.8,32.4,53.5,8.4,43.1,11.2,122.5,40.5,32.6,16,17.6,8.4,15.7,34.1,15.3,33.8,38.4,73.9,28.4,43.1,51.5,51,121.7,23.4,77.5,19.8,97.6,25.4,79,81.8,30.6,99.2,28.8,84.7,72.9,33.2,22.3,30.4,34.6,44.7,33.8,47.8,38.1,65,50.7,32.3,27.3,58.2,88.8,67,21.6,42.1,51.5,23.5,29.6,99.1,103.1,84.8,38.5,156.4,144.7,21.6,96.8,60.8,70.2,18.4,52,30.7,89,62,27.1,127.2,91.9,65.2,110.2,27.9,70.1,18.3,34.7,20.7,45.9,65.8,57.6,10.6,0,116.7,22.7,21.9,51.2,64.6,19.1,66.6,11.4,23.4,72.6,98.8,52.3,35.7,59.9,69.3,84.6,11.6,31.9,52.2,44,52.4,20.6,34,41.9,55.3,47.5,42.7,73.2,47.4,24.5,17.3,110.1,64.3,34.8,52.3,39.8,58.3,30.9,81.3,23.5,33,108.9,62.7,154.5,118.3,38.7,18.2,61.5,149.3,32.3,135.2,99.4,37.1,33.4,95.4,24.6,97.2,37.5,80.8,98.3,87.4,73.5,34.9,49,77.8
灵山自然风景区,110.7,122.4,98.6,112.8,115.7,125,190.3,105.6,100.4,124.4,118.9,107,126.9,93.4,118.7,134.5,124.2,118.5,136.3,94.8,98.8,97.8,115,107.3,131.8,127.9,178.2,96,145.3,148.4,119.8,153,121.2,111.1,108.6,108.5,115.5,132.3,139.9,115.9,108.4,79.9,103.6,130.3,107.1,119.3,98.4,115.5,168.5,91.8,103.6,111.5,99.5,111.3,113.8,120.4,149.3,106.2,104.2,199,184.9,114.2,131,80.8,92.9,111.5,106.5,130,87.1,127.6,123.2,148.5,173.1,128.4,140.2,93.9,149.8,114.5,100.5,105.5,120.8,145.3,75.8,109,116.5,0,138.9,109.8,100.3,98.8,133.8,89,118.3,108.7,145.8,113.2,100.7,114.8,125.1,144.3,131.8,118.8,126.8,99.5,148.2,96.5,109.3,135.5,87,107,102.8,105.2,143.6,151.3,115,130,190.2,105.5,113.7,81.3,90,110.2,120.5,117,128.6,115,139.1,94.9,222.1,183.8,112.2,109.2,119.1,198.3,130.3,201.1,164.2,97.5,98.6,125,108.1,136.8,109.5,97.6,115.7,152.3,91.4,110.5,147.5,120.4
智化寺,64.2,26.6,52,27.3,32,28.2,130.4,41.1,48.3,20.3,26.9,24.9,21.9,43.2,23.1,31.4,54.9,91.2,9.6,61.4,50.1,68.2,129.1,35.4,100,19.2,98.4,39.2,87.5,90.3,25.5,120.8,21.1,101.6,82.2,42.2,38.3,28.4,33.4,35.1,41.3,62.9,38.1,72.8,67.8,37.9,42,38.5,87.2,84.9,35.6,40.6,59.5,35.8,20.5,115.4,111.6,92.8,46,149.6,163.1,32.8,111.6,69,65.4,32.5,39.7,28.6,110.5,70.2,12.8,135.9,92.7,74.1,127.4,40.5,49,27.8,40.8,34.6,27.3,45.4,73.9,26.8,27.5,138.1,0,36.1,68.4,61.2,19.9,74,22.6,37.8,52.7,92.8,47.9,26.6,67.7,48.7,99.5,22.7,31,69.5,42.6,49.1,31.9,32.5,58.3,73.5,35.9,60.6,70.9,28.5,39.7,19.1,109,60.2,45.3,69.4,57,76.8,24.3,97.5,21.5,23.5,127.8,69.6,163.5,126.4,34.7,31.9,78.2,156.6,26.7,118.1,106.7,52.2,48,97.4,39.9,113.9,44.3,75.1,114.7,91.5,68,27.7,31.9,93.7
北京天文馆,37.3,41.4,36.8,19.7,53.4,23.9,130.6,34.3,22.6,24.9,24.1,16.7,27.1,26.8,24.2,39,46.7,76,40.1,36.4,38.6,53.5,109,13.3,73,30.6,103.1,15.5,89.6,91.6,46.9,94.8,38,73.8,59.3,21.4,26.6,38.3,41.9,44.5,43.1,37.2,39.1,75.1,41,35.9,17.6,59.8,93,69.9,11.8,42.1,53,20.9,38.9,87.1,103.9,69.6,22.1,149.3,145.4,19.7,96.7,47,51.5,26.4,45.9,39.8,91.5,71.6,38.2,112.4,97.1,74.6,110.4,17.4,85,19.4,23.2,7.7,54.9,79.9,58.5,15.4,22.5,105.7,33.6,0,52.6,48.5,30.3,52.4,20.6,10.4,85.4,78.8,40.1,43,69.2,83.9,86.1,20.7,39.6,53.4,52.9,34.6,22,42,30.8,48.8,41.5,44.2,80.1,54.2,28,27.7,114.4,58.4,34.5,57.4,32.5,51.5,41.8,81.6,39.3,42.2,108.1,48,161.8,126,41.2,22.4,62,158.1,40.6,123.4,107.4,26.6,22.7,83.9,19.1,98.6,45.7,60.4,98.1,97.4,53.8,43.4,44,78
居庸关长城,55.9,83.8,71,55.2,91.6,65.2,120.8,85.8,51.2,63,64.9,53.5,59.9,78.4,64.8,67,55.8,28.4,83.3,56.7,78.6,28.2,116.6,62.6,91.7,72,110.5,65.9,79.5,90.7,83,112.3,83.1,83,79.1,75,46.4,65.8,65.2,88.8,44,53.5,85.8,65.3,56.5,82.5,51.1,86.2,101.2,47.9,61.2,88,35.6,63.9,84.4,78.5,79.1,78.7,80.7,171.2,105.3,62,51.6,54.3,65.2,50.6,98.1,81.5,77.4,63.1,80.1,121,104.5,63.4,62.3,67.9,85.4,60.9,77.2,62.2,94.7,79.7,37.8,52.5,59.5,99,75.7,62.9,0,70.7,76.9,62.1,60.6,60,80.8,85.2,78.9,84.3,60.6,78.3,61,60,61.9,38.4,80,69.4,48.9,68.6,61.5,68,92.5,41.2,77.1,82.6,48.4,74.3,122.1,78.8,47.3,33.6,52.6,71.8,83.2,35.5,75.4,85.4,68.9,67.4,151.5,118.5,86.2,48.8,19.8,119.6,80.9,130.4,99.2,55.1,49.6,90.5,43.7,56.9,45.1,70.9,51.9,86.9,64.7,84.9,71.8,31.7
紫谷伊甸园,48,62.4,19.3,52,41.6,59.2,158.2,39.1,42.8,60.2,64,48.6,59.4,29.8,62.5,74.9,61.2,93,62.6,35.9,20.8,68.6,82.5,47.4,70.1,62.1,133.4,36.8,113.4,116.3,55.6,91.3,56.7,62.8,46.9,43.8,52.2,62.7,80.2,45.1,69.2,29.6,37.9,100.1,54,55.5,37.4,33,123.8,64,41.5,36.9,72.2,48.6,40,78.2,119.9,48.8,41,111.6,158.4,52.3,112,36,27.7,50.5,28.4,63.7,99.7,97,54,98.1,124.4,102.2,122,34.9,65.7,52,34.7,44.4,40.7,60.8,48.4,47.8,54.6,100,60.3,49.5,72.1,0,68.1,40.2,56.8,46.8,62.6,55.2,22.1,52.2,93.9,60.4,101.3,56.5,60.8,64.1,75.8,17.2,48.8,64.7,27.7,47.1,24.5,63.9,121.3,61.6,54.1,64.8,141.6,33.8,52.5,53.6,32.1,50.2,62.1,94.3,64.5,40.6,121.1,35.7,188.8,150.9,43.7,48.9,80.5,172.4,64.2,149.3,131.8,38.9,42.5,58.3,47.7,110,72.6,37,110,120.2,32.2,45.9,73,90.2
中国美术馆,57,19.6,54.9,19.9,30,14.4,129.1,43.1,41.6,16.3,12.3,19.3,20.3,36.6,9.4,28.6,48.9,82.5,19.3,55.7,54.9,60.5,126.2,20.2,93.7,10.7,97,32.9,86.5,89.2,25.9,116.4,28.2,93.7,76.1,36.9,27.7,26.5,29.4,34.7,40.4,56.5,33.6,72,60.2,27.9,35.8,61.4,87.7,77,29.1,40.5,59,20.5,20.1,106.4,110.4,87,40.9,165.2,153.9,18.8,103.5,62.6,70.7,25.2,58.2,19.5,101.1,69.3,18.5,129.6,92.5,70.7,120.4,34.7,58.5,13.3,36.5,31.3,35.3,54.5,66.5,20.2,18.6,127.6,13.4,32.2,61.7,67.9,0,68.5,16.4,33.8,75.9,99.2,55.2,30.6,66.7,57.4,98.8,16.8,26.9,62.2,42.6,52.2,24.7,32.4,49.8,69.5,53.1,51.5,74.2,39.2,33.9,7.9,110,75.9,37.6,62.1,51.8,70.8,19.9,90.3,14,22.8,118,63.8,162.1,125.4,36.4,22.5,70.7,157.1,19.7,121.8,106.9,45.2,41.7,97.5,33.4,106,43.5,79.5,107.4,92.7,72.8,22.9,39.2,86.3
戒台寺,50.4,61.8,39.5,59,56,69.1,150.5,45.4,44.4,70,68.3,56.4,66.3,34.1,66.2,74.9,63.1,85.7,71.3,38,39.8,61.2,77.3,52,73.6,66,136.8,40.2,107.3,110.7,59.4,94.9,60,50,47.5,49.2,59.9,75,73.6,54.7,70.6,32,44,93.8,56.5,59.5,44,54,128.2,57,47.3,51,64,53.6,54.1,69.8,112.5,35.6,52.1,126.1,150.3,56.6,104.7,16.9,27.3,57.6,47.5,68.2,92.5,91.4,62.5,76.9,132.6,93,113.9,38.9,80.8,56.8,40.1,51.7,62.1,75.4,41.1,55.8,62.7,93.5,76,55.6,64.4,38.4,71.8,0,65.9,54.4,77.8,48.6,41.6,54.8,89.2,75.6,94.8,66.2,70.1,56.9,89.1,37.9,56.8,78.5,30.3,50.3,43.7,67,107.7,81.2,56.2,69.1,150.4,42.2,55.5,46,34.7,53.3,60.7,86.6,68.8,55.1,113.2,35.4,183.6,147.2,51.9,56.1,73.1,163.5,69.3,159.2,127.9,41.6,42.8,52.7,54.8,102,74.1,34.2,102.6,116.7,22.1,51.1,78.3,83
孔庙和国子监博物馆,45,37.4,53,11.4,30.9,18.4,114.4,36.5,30.4,8.1,26.6,8.8,7.2,30.8,22.4,27.6,36,75.9,25.1,44.8,49.3,52.2,119.4,19,82.2,27,91.1,21.9,72.2,75.2,29,103.2,23.6,79.9,69.7,31.1,21.6,25.7,28.5,35.5,27.7,43.3,39.8,58.1,49.4,45.4,25.1,54.8,82,69.8,19.1,42.5,44.8,22.2,24.2,93.8,95.3,81.6,35.4,155.2,145.1,32.6,98.2,56.7,66.9,13.3,51.2,35.6,94,55.8,22.9,123.1,85.1,58.8,114,23.8,70.5,27.6,30.4,18.8,38.9,65.8,59.1,11.2,10.5,114.1,18.2,19.4,54.1,61.7,22.5,63.1,0,20.7,68.4,96.7,48.8,28.7,53.3,69.4,83.3,0.5,23.1,54.6,40.2,49.6,20.8,29.8,37.2,56.8,44.5,47.2,66.3,40.8,22.3,23.6,103.5,60.8,31.1,54.7,40.6,59.9,37.4,82.3,29.4,27.3,110.2,57.5,146.4,111.9,38,16.3,62.5,142.6,36.4,115.2,92.6,37.1,30.4,90.6,25.1,98,30.9,76.5,100.9,81.5,68.2,30.3,30.3,78.7
北京海洋馆,37.1,42.2,39.5,21,45.4,27.1,129.6,35.1,23.4,28.2,26.6,19.6,27,26.9,26.7,43.9,43.1,75.9,41.8,36.7,41,53.8,112.7,16.3,72.5,31.5,104.6,19,88.2,90.7,47.2,93.6,39.1,76.5,61.1,21.1,24.6,37.8,43.5,45.9,42.2,40.9,41.3,73.3,41.5,37.1,18.6,59.5,95.3,70.5,12.3,40.6,54.3,23.4,40.5,89.4,105.1,71.4,23,145.9,146.7,21.9,98.2,48.8,53.7,22.9,46.3,39.9,93.1,70.8,39.5,112.3,99.7,74,112,20.7,90.3,21.7,22.9,6.4,56.8,85.7,58.4,18.4,24.6,111,34.6,8.4,54.4,51.1,33.7,53.6,25,0,88.7,81.6,46.5,41.9,68,89.2,87.2,25.1,36.7,55.3,52,37.6,22.3,41.4,35.1,48.3,42.5,45.9,84.5,58.9,26.8,31.1,117.9,57.8,32.2,55.6,32.5,51.3,43,84,41.4,44.1,111.1,49.7,162.5,126.5,44.4,21.9,63.6,157,42,127.9,107.3,29,23.5,87,19.2,99,45.1,63.1,101.4,94.7,56.1,41.6,47.4,80.2
北京环球度假区,96.7,65.3,66.6,76.3,53,81.5,131.4,64.7,84.8,72,82,73.1,74.8,67.2,76.4,57.5,82,98.3,53.9,94.7,56.1,75,134.5,83.3,130.7,71.6,96.8,77.2,89.4,91.8,64,151.4,59.9,108.2,92.3,81.2,70,55.1,57,56,51.7,73.3,63.9,75.2,101.8,77.3,76.4,43.9,87.3,90.2,85.1,57.6,60.9,82.5,40.9,119.1,113.6,83.2,86.3,124.9,164.8,79.8,119.5,70.9,68.1,67,46.4,70.4,113.1,71.9,56.9,133.8,90.2,61.3,134.3,75.2,27.6,79.9,81,86,28.2,23.3,80.1,75.9,76.7,143.3,61.8,86.3,75.2,60.2,75.2,75.2,70.7,87.7,0,81.6,56.1,57.9,70.3,22.7,99.4,71,63.6,75,68,64.9,65,57.1,71.9,106.8,48.4,65.1,64.1,49.2,68,71.9,111.8,43.2,76.8,76.3,90.4,110.9,64.8,105.4,72.5,46.3,135.1,80.8,163.9,130.2,58.4,67.5,84.5,160.1,67.2,121.2,110.2,89.3,84.6,91.8,73.2,117.8,47,61.6,122.8,85.1,71.6,59.8,48.3,102.2
周口店北京人遗址博物馆,79.9,89.1,50,82.3,73.2,92.8,177.1,68.5,74.1,93.5,92.8,79,91.7,59.8,91,104.3,94.3,108.9,91.7,66.8,55,83.1,59.4,77,103.8,92.1,153.6,67,130.3,133.7,85.2,126.2,86.7,85.2,73.5,74.8,84.6,98.9,108.2,75.3,102.7,54.7,67.7,116.5,86.3,85.5,67.8,63.2,144.8,77.8,72.3,68.5,86.7,79,70.5,92.3,135.1,41.4,71.7,128.7,174.2,82,128.9,43.9,41.6,80.8,65.5,93.1,115.9,114.2,86.7,89.5,149.5,117.9,137.9,65.2,88.6,81.6,65.3,75.2,75.5,82.2,62.8,78.3,85.9,115.5,90.3,80.5,86.9,52.2,98.1,47.5,89.2,78,85.2,0,59.7,79.4,111.6,82.3,118.5,89.5,95.2,78.4,112.4,48.2,80.1,101.3,59.1,79.2,62.2,92.2,132.9,99.7,86.7,95.2,166.5,48.8,87,68,63.7,82.2,87.9,109,94.4,72.6,136.1,62.6,211.1,171.6,72.6,80.1,96.6,188.3,95,178.3,152.2,70.4,72.2,33.5,80,128.5,98.1,27.8,127,140.9,45.9,77,101.3,105.9
北京汽车博物馆,50.3,53.1,19.1,45.9,32.8,54.1,154.1,29.4,36.8,55,56.6,43,57.3,23.9,54.6,68.2,65.5,99.5,53.8,39.7,10.1,74.9,98.3,44.8,74.4,55,125.3,31.1,108.3,111.3,49.3,95.4,48.3,65.9,48.6,37.4,45.8,55.2,62.4,31.9,64.5,31.5,34,97.3,55.1,48,30.7,29.6,115.2,66.5,36.6,28.7,77.2,48.1,31.9,86.1,125.9,60.2,39.1,114.2,165.6,51.4,117.7,36.6,32.4,43.4,18,54.5,103.7,94,48.2,99.6,118.8,97.5,135.2,28.6,58.2,51.1,27.6,38.6,29.6,53.2,50.5,41,48,102.9,53.2,45.8,76.5,21.2,64,42.2,51.1,45.3,53.9,59.8,0,40,92.5,52.1,108.6,51,56.1,66.6,66.8,17.4,42.4,56.1,28.1,50.9,14.7,66,109.1,53.7,48.3,57.1,134.1,29.7,53.8,56.3,35.7,53.8,52.5,103.8,56.8,31.9,131.4,37.5,189.6,151.1,30.7,41.8,86.3,182.4,56.8,143,130.7,35,36.1,69.2,40.5,116,67.6,41.2,121.2,115,34.2,41,53.5,100
三里河公园,65.2,11.4,43.2,35.8,11.2,32.1,141.4,23.8,50.9,26.9,28.1,35.4,28.1,26.5,19.1,41.3,58.7,98.1,23.5,55.1,42.5,76.2,119.3,27.4,88.8,15.6,106.7,32.5,96.1,97.9,8.8,111.8,13.2,80.5,64.1,24.1,40.5,33.5,40.7,11.8,48.9,45.9,14.2,81.3,69,20.2,44.1,40.5,96.5,81.9,34.8,18.1,67.8,27,12.9,96.3,120.7,74.9,28.9,140,169.4,23.3,121.1,51.4,56.6,35.5,31.9,18.6,115.9,78.2,13.9,116,101.6,85.1,135.6,33.3,51.2,23.8,24.1,36.7,28.9,47.8,65.9,31.1,30,120.6,17.4,39.2,76.3,55.5,22.2,57.3,24.7,38.3,55.1,85.7,40.1,0,76.1,50.7,107.8,24.8,39.3,77.7,46.7,40.4,37,36.3,43,66.1,32.8,69.2,82.8,31.4,43.3,20.4,119.2,55.4,56.1,79.4,51.1,70.1,10.8,107,18.6,18.7,134,53.1,173.3,136.1,14.1,36,87,165.9,14.6,130.9,117.1,51,51.8,91.7,40.2,123.3,52.3,67.3,124.2,100.9,60.5,4.9,35.1,102.1
北京雁栖湖西山步道,74.7,86.8,100.3,62.8,94.9,71.9,86,101.7,66.8,57.1,73.1,60.4,54.2,85.7,77.3,53.6,59.1,79.4,87.8,72.9,99.4,55.5,142.9,71.6,108.2,84.7,91.6,79.4,20.9,32.6,85,129,80.1,107.2,105.6,87,48.4,59.2,50.5,100,34.2,77.3,96.8,9.5,81.4,91.1,64.5,105.7,82,70.2,71,108,42.1,74.4,89.6,100.6,71.3,102.9,86.7,190,108.2,74.8,101.4,77.6,89.2,54.1,102.5,93,92.8,6.4,86.3,145.5,95.3,32,115.8,77.4,77.5,74.1,88.7,72.2,88,69.9,61.1,63.4,66.1,123.6,71.3,72.8,55,99.5,78.4,85.6,56.2,71,72,110.5,100.3,86.7,0,69.4,68.9,56,49.2,55.5,74.9,96.9,52.2,63.4,80.2,84.1,104.7,46,39.3,71,47.5,76.2,104.6,92.5,56.3,56.1,69,89.8,86.1,87.6,85.1,92.4,116.7,93.1,116.7,63.4,103,54.5,64.5,89.5,93.6,100,44.5,70.8,64.2,115.7,57,123.5,26.8,95.9,104.5,52.1,88.9,88.4,57.5,84
绿心森林公园,89.1,65.6,64,75.5,51.1,81.2,133.2,61,82.7,71.2,79.7,73.2,73.1,64.1,75.1,52.4,75.5,99.6,51.3,90.3,53.8,74.6,137.5,84.2,127,71.2,91.1,76.2,89.2,91.9,64.5,146.8,60,110,93.8,81.5,64.5,50.7,52,54.3,49.6,75.2,61.2,73.9,96.9,77,76.1,42.9,84.5,89.8,83.9,56.9,59.5,83.2,40.6,119,112.7,85.6,86.3,131.2,164.4,80,120,72.5,69.6,65.1,43.4,71.6,111.6,71.2,55.5,135.4,89.3,58.4,132.4,74.7,10.2,80.2,81.1,84.7,28.1,3.8,79.4,74.5,74.6,145.8,60.6,85.8,74.7,61.8,74.4,77.1,68.8,86.9,24.9,83.9,53.1,59.8,69,0,100.7,69,57.7,74,63.7,63,64.5,52.6,73.9,102.8,46.1,64.5,57.3,43,62.1,69.5,106.5,44.4,70,74.8,86.9,106.9,64.6,105.8,71.5,44.5,134.3,81.2,162.9,129.1,57.9,66.8,84.6,158.6,66.5,117.3,109.5,89.1,80.4,99.9,73.2,118,44.9,63.7,122.3,83,75,60.4,42.6,102.3
银山塔林,86.5,118.8,103.2,89.7,131.6,107.2,139.2,127.9,86.1,92.7,99.6,87.4,89.2,101.5,99.6,88.2,101.2,82,124.3,93.2,126.3,34.3,153.1,96.5,125.7,106.9,137.7,102,92,65,126.9,147,118.3,115.2,111.2,114.3,83.7,95.1,84.6,121.9,67.5,85.6,119.5,76.9,88.9,116.7,94.3,145.4,130.1,78.1,99.2,119.8,47.2,98.9,127.5,107.4,49.7,112.1,114.7,213.3,121.6,94.4,84.1,86.1,97,88.3,137.3,115.7,99.9,70.4,122.5,154.3,133.7,82.7,109.5,102.3,116.5,93.8,116.7,95.7,124.6,107.2,68.3,85.6,93.7,133.3,107.6,96.4,58.9,105.4,111.5,94.3,92.5,94.3,108.6,120.9,126.4,124.4,71.9,107.7,0,92.8,84.7,62.7,110,101.6,86.1,98.8,101.8,103.6,132.4,66,97.1,112.9,82.5,109,151.6,113.7,80.4,64.4,89.9,110.8,118.7,81.6,110.3,130.3,116,99.1,170,135.2,120.1,84.4,68.3,122.1,116,152.9,114.7,92.8,83.9,125.3,76.9,80.3,60.9,106.2,106.3,102.8,96.9,121.7,95,85.7
北京孔庙,44.2,37,53.3,11.5,29.7,17.6,116.7,43.2,31.4,9,26.4,9,7.2,36.2,22.3,27.6,36.9,77.7,24.8,44,55.7,54.3,125.1,20.1,81,26.9,90.7,23.4,74,77,28.4,102.5,23.5,83.1,75.8,32.8,22,22.8,28,35.9,28.9,46,38.7,60.1,49.5,43.6,25.9,55.6,81.6,71.1,19.3,43.4,45.9,22,23.9,93.7,96.8,86.2,37.5,161.1,147.8,31.2,99.3,62.3,68.5,13.5,49,33.8,96.5,56.4,22,128.4,84,60,115.1,25.4,73.2,27.1,35,19.2,41,68.4,60.8,11.6,12.2,115.5,18.5,19.8,55.7,67.7,21.9,68.2,0.5,21.1,69.5,99.8,54.4,28.8,54.1,72.2,84.7,0,23.9,56.1,36.5,51.2,21.4,26.5,39.4,57.1,50.4,48.4,66.2,44.6,22.6,23.1,102.3,67.8,31.4,55.9,41,60.5,36.8,84.6,31.4,26.8,113.9,63.8,147.5,113.2,38.5,17.1,64.9,143.4,35.6,113.3,93.6,39.3,31.8,95.8,26.1,100.2,31.3,80.5,104.3,82.2,71.3,30.1,29.2,81.1
中央美术学院-美术馆,50.8,52.3,59.7,38.4,46.6,39.3,112,72.8,37.3,26.3,46.1,36.2,24.3,66.2,40.9,17.3,35.9,81.8,38.6,50.7,60.7,59.2,136,47.4,87.4,45.9,88.1,51.5,71.2,74.2,51.2,108.4,44.9,93.2,80.3,62.1,23.1,20.8,21.3,50.6,26,55,55.4,57,56.6,63.9,31.2,53.9,77.7,78.8,37.1,57.3,43.2,49.7,40.3,103.8,95.1,91.4,69.2,169.7,152.7,40.7,102.4,67.5,74.7,27.2,48.9,55.3,95.9,54.5,40.5,129.3,81,57.7,118.3,53.6,69.7,39.5,66.9,39.8,38.7,65.6,69.1,39.6,40.5,127.9,38.9,40.3,59.8,71.8,45.9,72.9,25.1,38.5,66.5,105.6,61.4,51.6,52,63.9,82.6,25.5,0,57.8,30,58.3,19.3,19.9,49.2,63.9,52.7,46.3,64.2,38.8,25.2,40.8,101.1,74.5,31.8,57.7,47.5,67.4,53.8,89,50.5,43.7,116.7,69.3,144.9,110.7,52.6,21.4,69.8,141,56.1,112.4,91.2,42.4,37.4,106.7,30.1,102.5,29.7,85.6,108,78.7,77.7,53.7,27.9,84.8
北京后花园(白虎涧)风景区,54,84,65.3,55.6,93.2,67.2,122.1,71,55.5,64.8,64.4,53.6,61.5,61.6,64.2,67.5,56.7,45.9,84.8,61.1,67,32.6,112.7,62.9,96,71.4,111.5,62,79.9,82.6,82.4,116.5,86,78.1,74,78.8,47.9,69.2,60.5,89.1,43.9,48,70.2,65.8,56.7,82.3,61.2,81.9,102.7,36.2,65.9,88,35.2,63.6,87.6,71.3,82.4,73.3,72.7,172.2,108.6,61.8,56.8,49,59.8,52.5,74.8,80.7,45,62.9,82.2,115.4,106,64.8,67.9,60.2,87.3,60.9,66,62,98.3,79.5,32.9,52.4,60.8,105.3,77.4,62.9,38.9,66.3,77.5,56.5,62.4,60.9,81.4,80,68.5,91,60.9,79,65.6,61.6,59.5,0,85.2,63.8,51.8,73.6,57.2,73,71,41.9,79.5,89.3,49,74.6,124.7,73.8,49.3,29.5,58,78.2,83.8,41.1,77.2,91.8,67,62.4,153.5,118.6,87,51.8,44.6,122.5,81.8,135.4,99.1,61.1,53.5,85.1,44.1,65,45.2,65.9,56.7,87.9,59.5,91.8,72.7,37.4
亮马河国际风情水岸,70.8,58.4,70.6,46.2,45.2,51.4,134.8,62.9,56.2,39.1,57.5,43.9,42.2,66,52.7,38.7,59.8,102.2,39.1,71.9,58.2,80.4,145.6,66.1,107.8,58.3,103.9,59.9,91,93.5,56.8,129.9,48.1,114.9,101.4,73.4,39,22.9,34.9,48.5,44.2,75,53.8,76.1,75.5,69.5,49.2,50.9,95.3,95.9,59.5,55.9,62.7,66.2,39,126,115.4,113.4,78,160.6,172.8,63.6,123.1,90.1,82.8,37,45.9,63.4,122.3,74,42.6,152.2,95.1,79.4,139.9,62.9,62.2,59,73.6,58.1,36.8,61.6,87.5,50.5,47.4,152.4,46,58.6,79.8,69.8,51.7,94.2,39.3,56.9,62.7,114.1,57.6,54.2,71.7,60.8,102,39.8,35.6,81.8,0,69,36.6,22.4,69.7,85.8,49.6,66.1,76.6,35.4,42,53.2,117,70.5,49,77.7,68.8,88.9,58,109.4,62.8,41.9,140.5,91,168.3,131.2,52.2,38.1,91.3,163,60.2,129,111.7,62.5,57,116.9,44.9,125.8,48.3,91.5,130.3,98.1,90.4,56.2,26.9,106.2
中国人民抗日战争纪念馆,39.6,48.7,1.9,39.8,30.7,48.9,149.4,26.5,31,49.1,49.4,36.7,45.9,17.5,46.9,63.2,59.5,87,51.7,27.6,15.8,60.9,77.7,33,63.4,46.9,130.5,23.8,104.5,106.3,40,85.3,51.5,55.7,37.8,29.3,39.9,54,61.4,35.9,59,20.7,28.1,92.4,48,40,24.9,34.4,121.4,55.4,27.3,26.5,63.7,33.7,29.9,67.8,113.5,42.6,26.2,112.7,151.1,36.6,104.3,27.4,19.7,38,22.3,47.2,91.2,88.1,47.8,88,124.4,92.3,114.2,22.3,66,36.2,20,31.9,37.2,59.5,39.5,34.9,41.5,92.5,51.6,35.5,62.8,17.7,51.8,30.5,45.1,32.7,61.8,46.9,17.6,40.6,86.6,59.8,94.5,45.2,50.8,55.3,68.3,0,36.2,57.7,22.8,39.9,19.5,55.9,109.6,55.8,42.4,49.7,147.1,31.3,48,45.2,24.6,42.5,49.2,85.8,49,30.1,113.8,26.8,181.5,144,33.6,36.2,72.9,175.9,48.6,155.9,124,28.4,30.6,51.4,34.7,102.5,63.3,28,102.2,112.4,21.1,34,66,82.2
北京中华民族博物院,37.3,46.7,44.1,20.6,62,28.8,121.2,47.3,24.6,25,29,16.2,24.3,40.3,30.8,37.3,29.7,62.2,51,37.6,45.8,40.7,118.7,26.4,73.7,36.9,100.7,30.9,78.1,79.8,47.3,94.7,40.3,78.8,66.4,38.6,12.2,25.3,32.3,51.7,31.8,41.5,46.5,63.8,42.2,47.1,20.8,65.1,91.7,56,26.6,50.8,40.9,28.1,41.8,90.6,92,77.2,43.9,160.6,134.5,25.9,86,53.7,58.8,13.9,54,44.3,80.4,61,51.8,119.3,97.9,64.6,99.4,31.1,78.8,24.8,41.3,26.2,50,77,47.2,18.8,19.5,114.4,34.4,26.7,40.7,56.9,34.5,59.2,25.6,24.7,78.7,89.2,46.8,53,59.5,78.5,73.3,25.9,24.7,41.5,40.8,42.6,0,30.2,35.5,50.5,49.9,32.5,78.2,50.8,14.2,31.9,114.8,67.8,20.4,42.4,35.1,54.3,48.4,70.2,42,45.3,97.5,54.9,153.2,118.1,49.6,14.1,49.5,149.2,46.2,125.5,99.2,29.9,24.9,90.3,14.3,85.1,36.4,69.2,87.9,87.2,61.8,52.6,39.8,66.6
泡泡玛特城市乐园,63.3,47.5,60,39.1,34.8,39.5,125,50.9,48.1,30.5,46.5,36.7,32.5,54.3,42.6,30.3,50.7,91.7,28.2,63.4,46.7,68.6,134.8,54.5,101.8,47.1,91.9,51.9,81.1,83.3,45.7,123,39,106.7,93.6,62.4,30.7,15.3,26.5,38.3,34.7,68,43,66.7,67.4,59.2,41.9,39.4,82.1,85.5,45.8,44.4,53,54.2,27.8,118,105.7,105.2,66.8,151.9,163.1,51.8,111.8,81.5,71,28.6,35.2,52,112.4,64.7,32.9,142.3,87,69.8,128.2,54.8,50.1,47.8,62,49.5,25.2,49.3,76.1,41.1,38.1,145.9,35.8,50,68.8,57.9,41.7,87.2,31.1,48.2,50.9,101.3,45.7,45.4,62.4,49.4,93.2,31.5,23,70.6,22.5,58.1,27.9,0,62.3,77.9,38,55.9,67.4,26.1,33,41.7,106.2,58.6,39.9,68.4,61.2,81.2,49.1,99,51.7,31.2,128.3,83,158.2,120.9,40.9,29.4,80.1,151.6,50.9,118.2,101.5,55,48.7,104.9,35.5,114.9,39.2,78.6,117.8,88.7,79.5,48.5,22.1,95.9
北京石景山游乐园,30.4,56.2,23,39.1,42.4,48.9,140.8,59,25.4,49,44.9,35.5,51.3,20.4,44.8,62.9,43.6,79.5,73.4,22.4,26.2,53.8,90.1,34,54.6,51.9,121.1,22.2,96.4,100.7,43.8,76,61.6,53.6,38.7,35.7,38.6,52.9,54.6,40.9,51.5,14.8,29.4,84.9,37.6,44.6,25.1,46.5,113.4,49.5,30.7,37,58.2,37.2,41,64.4,105.1,48.9,30.1,134.8,143.7,40.9,97.2,25.9,34.3,35.9,33.3,53.3,93.6,81.8,63,89.5,118.2,85.1,107.9,20.9,80.2,41,27.4,32,49.6,73.9,33.9,33.8,41.4,87.1,62.6,37.4,56.4,31.4,54.8,31.5,45.5,36.4,75,63.7,27.9,40.8,80,73.6,88.3,45.7,47.4,50.1,66.7,21.1,34.1,55.8,0,30.9,29.8,45.8,101.3,81.3,36,51.6,135.6,43.5,35.9,39.6,16.3,33.4,46.4,80.7,54.7,41.2,108,27.6,171.9,135.3,39,34,66.5,157.6,54.8,147.8,115.8,22.5,24,61.8,32.3,96,54.7,44,96.2,104,35.4,37.4,60,76.8
国家植物园-北园,52.1,94.2,57.3,70.1,84.5,83.8,167.8,71.2,50.1,76.9,82,69.7,75,59,82.1,80.3,66.5,101.7,105.1,37.7,69.8,77,128.4,68.6,73.8,96,152.3,56.5,123,125,85.4,94.9,98.7,88.6,72.1,71.9,57.9,80.8,80.7,82.4,75.7,51.4,69.5,107.9,63.4,83.3,57.6,80.1,141,94.7,61.4,78.8,81,74,87.7,100.1,126.9,82.8,66,160.2,170.7,76.6,122,60.1,68.4,60.2,77.2,92.6,115.6,105,100.2,123.8,145.1,113,140.3,54.8,138.2,76.5,67.2,65.6,94.7,132.4,69.1,68.2,70.5,124.2,95.8,66.7,79,63.7,91.2,65.3,82.5,66.2,111.5,98.8,70,83,104.2,112,110,84.1,75.3,76.5,94.5,56.3,59.6,83.6,46,0,73.8,70.2,129.7,103.1,59.7,89.5,168.8,77.2,58.8,75.4,28.5,52.8,95.8,110,93.8,84.5,139,61.6,205.5,162.7,82.8,60.3,88.7,184.3,92.9,174.2,143,43.1,49,101,58,122.9,80.8,78.2,131.5,132.8,69.5,81.6,87.3,107
北京世界花卉大观园,55.5,45,28.2,43.6,26,53.5,164.7,19.3,40.7,62.4,53.9,40.1,60.1,22.7,52.9,65,79.7,114.2,41.8,49.2,13.9,87.7,96.6,35.7,84.1,51.8,121.3,29,118.5,123.1,43.5,105.1,41.6,76.4,58.4,30.7,57.2,50.8,64.4,26.1,73.1,40.4,23.4,113,60.8,45.7,34.4,26.1,111.7,77,33.9,21.4,96.7,42.6,28,89.9,143.5,60.4,34.8,109.5,186,42.3,132,45.9,43,54.4,14.3,52.5,110,112.2,48.7,111.2,114.8,116.7,149.6,27.6,62.8,42.1,27.2,42.6,34.1,56.2,60.5,39.3,46.8,113.7,50.5,44.1,88.5,24.5,54.9,51.3,51.4,45.1,56.9,72.3,13.3,33.9,107.3,55.3,128.2,51.1,60.8,89.6,62.9,26.4,50.9,52.1,37.4,61,0,79.3,109.7,47.6,61.4,55.7,133.7,25.9,68.7,66.4,45.6,65.5,44,116.2,54.6,24,146.8,47.2,203.3,157.6,29.4,50.4,101.4,199.1,47.5,142.8,138.3,43,41.9,68.6,47.9,135.5,79.9,52.4,135.2,124.3,45,36.2,55.5,119.2
温都水城,43.5,70.1,67.8,42.3,79.8,54.8,116.1,75.5,41.4,51.9,51.6,40.2,59,66.5,52.6,62,44.2,61.4,72.2,47.7,75.1,36.7,132.7,50.1,83,61.3,105.5,54.4,72.1,75.5,71.6,104.5,73.3,96,82.9,63.6,42.9,53.1,59.6,78.4,31.1,59.6,72.4,57.7,42.1,71,46.9,91.2,97,57.2,52,76.1,28.4,50.4,73.5,89.3,88.8,92.8,63.9,183.6,128.3,48.7,84.1,66.3,77.5,47.4,83,67.8,74,55.6,68.1,136.2,102.7,58.8,94.1,54.8,82.4,46.4,67,47.6,80.8,74.6,44.7,38.4,46.2,112.9,63.2,48.1,36.9,74.5,64.3,75,47.6,46.3,75.9,99.5,76.2,74.4,53,74.2,65.8,47.2,45.4,37.3,70.3,66.3,37.1,58,54.5,59.1,80.2,0,73.4,67.8,40.8,61.7,118.9,89.9,41.1,34.3,43.4,63.7,70,68.6,64.8,78.4,97.6,71.9,146.2,112.1,75.1,37.7,46.5,140.8,68.5,129.7,91.2,46.6,39.4,104.9,31.4,79.4,29.9,89.8,87.7,80.2,78.9,73.7,53.7,64.7
北京国际鲜花港,97.6,97.2,119.5,81.1,98.2,85.8,90.4,118.4,90.4,72,93,78.5,71.3,112.7,86.9,58.8,81.1,98.2,82.5,95.4,118.1,71.7,163.2,89.2,129.5,91,66.8,94.8,54,71.6,94.6,150.8,88.7,126.9,137.7,105.8,70,65.7,57,103.8,49.8,112.4,107.2,51.8,104.2,109,81.1,104.8,57,86.7,89,110.8,68.6,92.4,91.4,117.4,100.2,121.8,113.3,185.2,145.8,94.3,119.5,96.2,109.2,68.9,106.4,96.9,108.1,50.1,85.8,162.7,70.4,16.6,132.2,96.2,69.3,93,109.5,88.7,85.2,71.8,76.8,78.5,79,141.2,80.2,90.1,70.3,133.4,84.7,102.8,73.7,91.9,67,139.1,119.3,93.9,46.8,71,88.1,74.2,60.9,70.5,81.9,120.5,67.5,70.3,108.8,107.5,111.3,61.5,0,65.7,69,84.5,78.2,90.8,76.2,72.3,92.9,114.1,95.5,104,92.4,92,135.1,129.3,122.8,88.1,104.4,69.4,81,126,97.6,74.5,70,96.7,88.7,136.7,76.7,139.6,41.9,114.7,121.9,41.5,107.6,96,56.3,100.7
中国紫檀博物馆,63.7,37.7,64.8,49.8,31.8,54.2,127.7,47.9,54.3,47.3,53.6,47.5,47.5,58.2,49.2,24.2,48.2,95.8,26,63,46.8,71.3,134.5,58.3,98.2,44.3,87.3,63.2,83.3,86.4,37.5,119,33.7,113.9,103.4,55.7,37.3,20,24,35.3,37.4,81.3,39.7,69.3,69.9,51.3,45.9,38.9,78,92.8,60.2,41.9,56.6,56.7,25.2,129.3,108.8,95.5,60.8,153.6,166.9,53.4,116.3,90.9,71.1,33.8,35.5,42.3,114.9,66.6,30.4,155.4,79.8,62.1,131.3,63.8,37.6,52.7,55,60.3,22.6,33.5,83,49.6,50.9,163,35.2,61.6,70.5,59.7,47.5,97.1,45.9,63.8,42.5,103.5,46.6,38.8,64.7,37.2,98,45.9,30.7,75.7,30.6,63.1,33.6,20.5,72,74.8,37.6,59.5,61.9,0,36,44.8,99.7,57.1,46.6,73,60.5,80.4,37.8,101.9,46.5,27.6,133,90,159.2,122.2,36.6,34.8,83.1,152.7,39.9,109.8,103,59.9,54.4,103.7,41.7,118.3,40.9,75.4,118.9,83.1,84.4,40.6,15.2,100.1
中国工艺美术馆,34.4,51.9,50.8,25.4,64.3,32.1,115.7,55.9,26.9,30.3,40.4,23.1,25.2,45.1,36,31.3,19.9,64.2,53.5,32.6,51,40.9,120.7,32.1,68.2,42.1,100.4,36.5,71.3,74.3,51.6,89.2,51.9,83,68.1,46.2,4.7,33.8,30.3,66.8,26.2,45.6,55.6,57.7,40.1,55.8,21.9,86.3,91.8,63.7,32.3,58.3,44.1,33.6,53.5,95.3,93.3,79.6,51.6,169.9,136.6,31.8,87,55.6,64,16.5,76.3,49.2,83.6,55.2,50.2,121.1,94.7,59.7,102.6,34.3,81,31,45.8,32,63.1,75.7,52.7,25.4,28.5,118.7,45.4,32.5,40.7,59.5,40,61.8,28.5,30.5,84.5,94.5,52.6,55,52.5,79.2,75.4,29.3,24.8,44.6,50.1,48.8,12.2,38.7,39.4,44.4,56,37.8,75.2,44,0,37,112.8,72.6,10.7,41.9,28.7,47.6,50.6,70.6,45.8,56.7,99,56.1,147.4,111.6,57.9,17.9,49.6,142.9,51,124.4,92.3,30.9,24.8,91.6,18.9,87,30.2,74.9,91,80.9,64.8,55.4,32.8,66.9
北大红楼,58.2,21.9,63.9,21.1,27.7,15.5,134.7,46.8,41.7,21.3,11.6,19,22.8,39.6,8.1,32.3,46,96.3,22.5,59.8,61,69.3,135.6,20.1,97.1,11.4,125.2,32.8,89.8,92.6,22.1,119.7,25.2,97.7,81.7,35.3,28.2,31.6,35,31.2,42.2,58.2,40.2,75.5,61.5,28,34.6,61.6,93.8,86,28.5,37.4,62,19.2,25.9,110.4,114.9,93,40.5,172.7,164.7,17.1,114.7,67.2,82,22.2,54.9,20.1,111.4,73.2,19.1,135.1,116.1,78.9,130.6,35.8,72.7,12.5,38.8,31.3,46.6,68,76.8,19.7,19.5,133.2,14.9,32.3,69.8,75,2.5,73.8,18.9,33.9,75.2,115.6,61.5,23.9,70.4,71.7,104.2,19.3,31.1,70.8,47.2,62.7,27,36.9,52.4,74.6,54.5,62.9,80.2,45.6,30.4,0,139.9,78.3,39.8,70.4,56,76.5,19.9,101.6,14.9,28.7,133.8,68.9,166.7,128.3,34.4,22.3,80.6,159,20.2,150.1,108.9,49.7,41.2,101.8,32.5,117.9,46.1,92.8,116.9,97.4,86.7,23.6,48.8,98
梨树沟休闲谷,144.4,129.5,191.4,114,133.2,116,116.6,164.8,137.2,109.1,121.9,111.1,110.5,159.6,117.8,96.4,124.7,147.3,124.8,141.2,143.7,127.4,237.8,130.2,173.7,123.6,16.4,136.6,116.8,142.1,128,192.6,125.3,236.3,218.3,144.2,111.8,106.8,93.1,138.7,94.5,191.7,149.1,107.5,157.5,142.7,125.1,124.7,20.4,138,126,149.2,106.6,129.4,132.6,169.9,157.7,177.6,154.3,205.6,215.5,129.6,170.3,176.3,176.4,110.8,127.7,129.8,161.2,104.8,128.3,284.9,43.9,88.8,184.1,140.4,98.7,124.7,153.2,127.3,103.8,101.6,129.8,114.7,114.6,200.5,115.4,128.2,121,152.7,120.5,211.9,108,129.3,102.1,197.5,140.7,132.6,102.1,99.5,149.1,108.5,99.3,121,124,190.7,108.6,111.1,188.2,154.2,130.1,112.7,75.4,105.3,109,119,0,126.5,117.3,124.8,140.2,164.4,130,153.7,127.3,133.8,184.6,211.7,142.9,143.7,142.4,111.7,133.3,194.1,132,58,124.4,144.3,128.3,197.8,118.9,172.5,90.2,158.1,174.7,64.5,235.9,133.8,92.4,149.9
念坛公园,64,66.5,34,62.7,48,77.3,164.7,38.3,58.1,78,67.2,60.1,80.2,41.4,69.5,81.2,82.5,112.2,64.5,51.6,30.3,83,100.4,54.2,86.1,69.3,118.3,50.1,116.5,121,63.7,108.5,63.5,81.7,61.5,48.7,79.8,59.4,80.5,47.2,99.6,43,43.8,102,72.8,63.9,59.8,28.9,110.9,74.1,58.2,40.7,86.8,56.6,42.3,84.5,139.3,53.3,53,95.6,171.2,61.2,125.3,39.1,35.8,74.5,29.1,70.3,111.7,100.3,57,102.4,113.3,93.3,135.7,48.7,53,61.4,45.5,60.5,41.1,47.2,58.3,58.1,67.5,110.8,62.7,62,84.8,30.6,78.8,44.2,72.7,64,48.3,51.4,31.6,58.6,97.9,46,121.2,73.2,77.5,74.5,74.1,31.8,71.1,62,42.3,62.2,25.3,85.5,93.2,66,74.9,74,130.7,0,72.7,64.3,46.5,66.2,66,107.2,72.8,48.1,137.2,49.3,193.9,156.6,45.7,71.8,95.5,185,68,143.2,137.1,54.4,57.9,59,66,126.7,73.2,29.1,127,113,40.6,56.1,70,103.6
中国科学技术馆,36.8,55.3,56.5,30.1,66.4,34.8,117.9,65.5,28.9,31.8,43.7,28,30.1,53.8,39.7,32.3,22.1,66.1,63.1,35.2,60.3,43.1,122.7,37.5,70.7,44.1,103.9,42.9,73.8,77.4,54.2,91.8,59.3,86.6,71.5,51.5,8.1,34.1,31.8,70.1,28.9,49,61.7,60.2,42.8,63.4,27.7,89.9,94.2,64.7,38.5,64.8,47.5,40.4,64.2,96.7,99.5,82.2,57.2,170.3,136.1,38.8,90.3,59,68.1,17.5,77.1,52.2,86.2,57.5,59.6,123.2,95.3,63,101.5,41.4,85.2,37.5,54.4,37.8,63.5,79.4,55.8,30.5,32.7,117.8,52.7,38.4,42.2,63,43.6,64.7,30.9,36.4,88.7,99.3,62.4,59.2,54.9,84.1,77.1,29.8,28.2,46.8,49.5,55.1,18.3,38.4,43.1,46.5,66.1,40.1,77,48.4,8.7,41,115.5,77.3,0,43.9,30.4,50,55.1,72.7,49.7,65.7,100.8,59.5,149.8,112.3,68,17.9,51.5,143.8,54.4,126,94.1,33.2,26,94.9,25.1,88.3,32,78.3,90.5,83.5,68.8,59.8,33.6,69.2
翠湖国家城市湿地公园,45.4,84.7,55.9,55.5,80.8,71.5,125.7,66.6,40.2,70.5,66.5,54.7,66.4,52.2,66.8,71.9,57.3,55.9,89.2,52.7,59.9,30.3,104.1,64.7,90.1,74.6,115.8,54.8,78.8,82.6,86.3,111.8,91,69.9,65.3,71.4,46.7,73,68.8,77.3,43.1,38.9,63.8,65.4,37.9,85.5,49.5,79.2,107.1,27.6,56.6,75.2,34,64,94.3,61,83.2,64.7,68,171.4,118.8,62,73,39.5,51.2,54,70.4,84.1,63.5,62.5,88.3,105.2,110.8,67.3,82.3,52.8,94,61.9,71.3,62,107.1,83.5,22.7,53.4,62.7,84.8,83.6,63.5,33.1,60,79.9,46.7,63.3,61.3,84,72.4,63,93.4,59.9,82.9,64.9,63,64.6,26.2,92.1,54.1,54.6,79.4,50.5,65.7,66.3,33.2,81.2,95.4,48.9,77.5,130,65.8,49,0,48.5,71.2,88.3,55.8,80.4,99.1,82.8,53.6,155.5,117.4,76.1,54.2,41.6,134,86.2,140.4,98.7,48.9,40.5,78.1,47,72,43.2,57,71.9,88.8,51,93.6,76.3,51.9
国家植物园,27.9,69.8,35.1,42.9,63.7,62.4,147.5,50.5,23.9,52.4,54.1,47.1,51.8,36.1,53.5,56,43.1,77.8,84.4,13.5,47.9,52.2,102,44.5,47.2,73.4,125.7,34.2,102.6,102.7,65.8,68.4,75.1,66.2,50.8,51.5,33.9,61.4,56.1,60.7,53.7,27.8,48,91,36.7,64.4,30.9,60.8,118.7,68.7,39.2,58.4,57,52,61.5,76.3,106.4,60.5,45.3,152.1,142.9,53.1,95.2,37.1,46.8,39.1,58.6,68.5,89.7,86.8,84.4,104,125,93,116.2,32.8,124.6,53.2,47.2,43.8,80.1,113.6,44.6,46.6,50.1,98.2,79.3,45.4,54.2,41.7,72.7,42,61,45.3,93.2,77.5,49.7,60.7,83.8,91.7,88.8,61.3,52,52.5,77.3,33.3,37.9,65.5,22.8,17.2,53.5,47.5,108.4,80.2,35.1,70.1,142.8,55,34.2,50.1,0,26.4,71.7,85.4,70.4,63.4,114.8,39.1,179.6,137.2,59,38,65.1,156,69.3,153.7,118,19.8,22.6,75,36.9,94.8,57.1,55.9,102.7,109.5,48.4,57.6,60.9,80.5
鬼笑石,47.1,95.4,58.1,65.1,92.7,91,176.2,77.3,44.1,78.8,76.3,73.3,76.5,59.1,76.3,82.1,65,103.8,114.7,24.5,72.4,77.2,132.2,70.1,61.4,103.4,161.3,56.5,132.1,131.1,94,82.7,100.5,87.9,72.1,73.6,55.2,89.3,82.6,87.8,79.8,49.7,73,121.1,58.7,91.5,52,90,152.8,92.9,63,86.3,84.7,77.3,90.8,101.9,131.6,83.2,68.7,176.2,167.1,79.3,119.8,60.6,70.5,62.1,83.8,92.4,112.5,116.8,113.1,127.6,157.7,123.2,139.6,54.7,149.5,78.1,69,67.6,109,143.2,68.1,71.2,74.2,126.3,106.6,69,76.6,65.5,100.3,66.6,87.4,68.4,127.7,105.9,72.8,89,115,125.8,113,87.9,76.7,75.9,103,56.7,60.9,92.5,44.2,43.7,78.2,71.1,138,110,57.7,97.6,177.2,84.1,56.1,74.2,28,0,95.2,109.5,94,91.6,139.4,60.5,207.8,168.7,88.4,61.8,91.2,179.5,92.7,184.3,147.9,35.3,43,106,59.9,122.8,86.9,82.4,132.4,137.5,72,84.9,89.5,106.1
毛主席纪念堂,61.6,2.1,44.1,23.9,14.6,30.4,156.8,29.7,44.3,30.7,18.1,23.4,32.3,22.8,15.6,45.2,64.7,101.5,23.2,53.8,41.9,77.7,122.9,22,90,15.1,114,27.7,111.7,112.7,13.8,110.8,13.5,84.1,64.7,19.5,45.4,37.4,49,15.9,60.2,44.5,14.7,98.5,65.6,14.9,36.6,48.6,104.6,83.9,31.1,18.6,82.9,19.2,17.1,94.1,132.8,74,23.3,155.6,174.3,17.8,120.9,50.2,60.5,38,33.1,5.8,118.9,97.5,15.8,119.3,109.9,103.4,137.8,28.7,60.9,17.3,19.3,32.2,37.6,55.6,65.6,25.6,27.1,118.7,22.3,33.1,77.3,55.8,20,55.3,27.4,32.4,66.7,93.3,40.7,7.1,92.3,59.9,116.4,27.4,43.2,78.1,50.9,41.3,34.7,39.7,39.8,65.7,36.6,70.5,93.1,36.5,46.9,16.7,126.2,57,55.7,79.2,48.6,70.5,0,106.5,13.8,22.2,139.2,51.4,188.3,147.2,14.9,33.9,88.7,180.1,3.5,138.3,127.2,44.4,43,96,35.8,126.7,63.8,70.4,124,112,64,7.6,42.5,102.6
北京世园国际旅游度假区,88.1,126,101.8,93.6,132.9,113.7,164.7,135.7,88.7,113.5,107.9,92.8,108.7,97.7,107.5,116.5,96.9,30.2,141.8,94.5,110.1,52.8,152.6,106.9,128.2,119,161.7,114.2,118.8,115,128.9,146.2,144.2,114.6,109.7,124.3,88.6,123.6,117.2,142.3,80.9,81.5,137.2,105.2,90.7,122.8,90.6,134.5,152.6,73.1,103.8,140.7,70.7,106.2,143.3,103.4,102.1,109,132.8,212.8,86.8,103.1,32.6,84.1,96,90.9,123.3,122.7,80,102.2,136.6,150.7,156.9,113.8,49.5,119.4,145.5,102.2,132.2,104.5,157.8,139.7,64.1,90.4,103,120.6,130.4,105.4,42.8,109.8,126.4,90.9,101,102.1,133.2,125.2,112.5,135.5,100.1,131.8,83.8,102.3,109.2,44,141.2,102.2,89.7,129.7,95,103.3,121.3,78.1,130.1,145,88,124,178.5,114.6,86.5,58.6,90.1,113.8,124.9,0,123.8,146.5,44,98.3,198.8,168.7,139.5,90.2,34,101,122.2,187.8,141.1,97,85.2,125.8,84.2,34.4,84.9,107.3,39,131.1,96.9,138.9,123,4
午门,62,7.5,51.6,19.1,20.8,25.7,156.6,37,45.3,27.4,17.4,18.2,30.6,29.7,11.3,42.9,58.1,97.6,24.7,60.4,50.2,76.2,135,20.4,95.3,10.1,116.8,28.3,110.1,110.5,11.7,116.8,19,96.7,73.2,24.9,39.3,44.9,44.5,21.2,59,52.9,20.7,95.7,65.9,18.5,37,58.4,106.7,92.5,30.2,24.2,82.2,20.5,22.8,108,131.6,83.4,29.1,164.6,174.8,17.6,120.7,58.5,68.8,32.2,40.9,4.7,117.3,94.1,21.6,128.2,108.5,97.4,136.5,29.8,70.2,14.9,24.3,32,44.9,63.2,74.7,19.9,21.4,130.7,18.6,33,75.4,63.7,15.2,64.2,26.1,34.8,73.7,104.7,48.1,13.2,89.8,68.5,116.1,26.2,42.1,76.4,58,48.3,28.9,47.2,49.5,73,44.2,68.9,92.2,42.6,41.5,12.7,131.4,67.9,53.1,78.6,56.7,77.5,9.1,105.8,0,30,138.5,60.4,188.7,147.2,19.9,29.2,88.1,179.8,8.4,142.1,127.5,54.2,45.9,108,36.8,127.2,63.8,81,124.9,111,73.3,13.9,50.7,102
龙潭中湖公园,87.7,26.5,43.6,38.6,10.3,42.5,158.5,24.6,67.6,35.8,45,35.9,37.4,28.1,39.3,55.1,77.9,120,29.4,61.8,36.3,99.1,123.2,41.5,97.8,33.2,121.1,40.2,118.2,117.1,25.8,118.7,20.2,90.3,70.8,41.1,51.9,34.8,53.8,13.7,66.2,52.4,21.5,103.7,93.3,37.6,58.9,38.8,110.7,91.4,50.3,21.2,89.1,43.5,3,103.7,141.1,82.7,41.4,148.5,191.4,43.2,132.2,57.9,61.6,45,31.7,29.5,138.3,101.9,20.6,126.7,113.8,112.8,148.4,38.5,53.5,44.8,32.5,49.4,20.2,49.4,72.7,38.8,39.4,128.4,24.4,50.2,91.2,49.5,37,63,33.2,52.5,49.5,95.7,35.4,19.2,97.2,47.4,131.4,33.4,49.6,97.2,47.2,41.7,44.2,36.7,47.8,73,28.9,89.3,97.5,34.8,54.9,34.1,134.4,54.7,67.1,96.2,57,78.8,25.1,125.4,33,0,147.8,58.7,192.5,152.3,16.4,43.6,107.7,184.9,27.4,141.8,131.2,55.5,66.3,100.9,60.5,141.8,70.6,74.3,136.6,114.8,67,19.3,40.1,122.8
野鸭湖国家湿地公园,133.4,164.9,136,139.2,182.6,155.6,206.7,186.7,130.3,162.5,153.7,136.5,154.8,141.2,154.9,159.5,136.3,58.5,183,134.2,160.2,87.9,187,152.6,165.5,159.4,223.2,156.6,161.2,149.9,167.7,180.8,176.2,147.6,139.8,175.3,125.1,171.2,157.7,182.9,125,115.8,177.2,147.4,130.4,167.8,131.3,171.8,213.6,101.1,150.2,180.8,108.8,153.5,183,133,138.8,139.6,184.3,244.4,124.3,147.7,72.8,115,128.9,131.6,173.3,162.6,106.5,143.3,171.4,179.9,215.1,166.1,81.9,138.5,198.2,146.6,177.6,162.5,204.1,199.9,92.1,133.1,143.3,133.9,163.3,158.9,68.8,145.1,165.6,121.9,150,156.4,189.5,166.6,154.2,179.8,143.1,196.8,119.6,147.8,153.6,70.1,179.6,135.4,128.9,169.9,130.4,139.2,168.2,117.3,183.3,189.9,129,163.4,235.8,150.1,123.9,85.5,131.1,153.2,164.5,43.2,161.8,182.1,0,128.4,237.8,202.7,178.3,129.2,59.8,138.7,158.8,239.6,181.4,132.3,127.2,160.4,124.7,73.9,124,141.6,69,169.6,128.5,180.7,166.1,39.5
中国园林博物馆,53.7,68.7,30.2,64.5,60.8,77.9,181.3,47.5,45.6,78.4,71.6,61.1,71.1,33,67.6,90,74,94.2,81.3,37.4,41.7,70,96.4,55,72.2,70.2,163.6,43,135.8,137.8,64.5,94,69.3,65.7,27,49.7,70.5,99.2,92.2,57.7,90.2,23.4,44,131.3,60.4,59,42.4,62.8,154.2,65.6,45.5,54.8,77.8,57.2,59.3,76.3,124.7,59,53,154.3,161.7,62,114.9,35.8,47.8,66.7,51,70.1,99.6,127.5,74.8,99.1,159.1,133.6,125.3,41.4,104.5,61.7,38,51.4,73.3,94.5,49.2,60.6,69.3,102.7,81.1,59.5,72.3,41.7,76.8,40.4,74.9,58.3,97.3,80.3,42.3,57.8,125.6,97.2,106.1,75.1,86.8,64.6,111.2,28,66.1,101.1,27.6,49.5,45.9,79.1,144.9,100.2,66.5,74.2,178.8,57.5,63.5,54.4,34,53.5,68.2,97.1,72.4,60.7,126.2,0,217.2,175.2,56.9,65.4,83.5,173.9,71.6,188.6,155.8,42,45.5,70.5,64.8,117,97.7,57.9,117,144.3,45,53.7,102.2,94.6
司马台长城游览区,225.6,225.4,254.9,208.1,236.3,210.2,79.1,243.4,214.4,202,214.9,204.6,199,237.4,213,201.2,202.5,212.9,230.4,230.4,252,191.6,314.9,217.2,256.6,217.2,149.2,227.1,159.8,170.3,223.4,271,219.7,251.6,255.3,231,189.1,201.2,181.8,241.2,158.1,222.8,240.9,148.9,234.3,227.1,202.1,259,148.4,209.4,218.4,250,161.9,221.1,235.1,242.2,201.7,255.8,242,348.6,190.9,209.3,237.5,248.1,270.4,187.3,253.8,223.1,233.3,147.1,229.9,293.4,162.5,142.5,252.1,228.3,219.3,207.2,243.3,224.4,237.7,220.1,202.9,209.5,208.4,274.4,214.1,224.2,192.7,285.8,219.2,245.5,202.2,221.1,219.9,297.4,256.8,228.2,144.3,217.5,196.9,202.6,191.9,192.7,220.7,256.9,184.7,208.9,255.8,244.3,258.4,178.7,151.2,227.4,189.3,215.7,159.2,259.2,199,197.5,228.6,253.8,222.7,225,220.7,238.6,255.3,260.5,0,144.7,246.9,189.9,206.9,170.8,225.4,171.9,125.5,224.6,215.4,316.3,200.1,229.5,153.9,295.3,252.7,122.8,272.8,229.4,212.5,225
清凉谷风景区,160.9,176.3,216.1,148.8,186.5,143,117.8,195,146.7,140.6,164.3,145.3,134.6,188.1,154.7,131.4,136.2,153.7,185.2,161.9,205.4,131.4,241.8,158.1,195.6,154.8,139.4,167.8,63,87.4,174.8,212.4,172,195.8,192.9,177.6,121.2,143.7,122.8,193.2,101,158.8,182.5,56.9,168.6,179.3,145.4,211.4,129.9,140.7,151.3,201.9,104.1,159.6,184.6,173.7,151.1,188.8,181.1,287.3,110,158.6,158.3,172.1,189.8,125.7,200.4,159.9,165.2,61.3,176.8,229.1,143.6,86,193.2,168.3,170.5,157.3,190.3,163.7,182.7,176.6,133.2,147.1,148.8,201.9,160.3,164,125.8,234.6,151.2,174.2,138.5,161.9,152.4,217.2,203.7,180,54.9,175.7,147.8,139,123.5,125.4,158.7,209.4,124.6,147.6,204.2,172.1,202.9,116.5,93.9,158.2,119.7,155,151.8,199.3,128.3,128.7,156.1,178.3,174,178.7,160.9,185.8,189.2,182.5,132.2,0,194.6,126.7,140.2,90.6,161.2,149.5,20.3,154.3,141.6,218.1,139.9,136.8,89.8,203.9,193.8,87.3,186.8,181.8,139.2,180
北京古代建筑博物馆,84.7,27.6,42.3,47.3,9.4,47,178.8,18.4,62.3,45.5,41.4,47,47.3,31.2,40.1,60.3,94.8,137.4,38.2,66.7,29.3,118.9,122.9,36.6,104,38.4,142.4,44.2,138.4,136.8,26.8,124.1,25.5,99.7,77.2,33.2,68.6,51.5,66.1,8.1,82.4,56.7,15.1,125.1,88.8,32.1,53.6,35.9,132.5,98.3,52.4,6,109.6,35.4,16.1,109.7,175.4,88.9,38.2,144.9,216,36.5,155,65.6,59.5,63.6,21.7,29.5,137.7,123.7,29.4,132.8,136.7,134.7,171.3,44.1,72.8,36.2,32.6,53.5,35.5,62.3,81.7,45.1,51.5,137,34,54.4,111.2,41.9,39.8,69.8,49.8,56.2,63.6,95.6,29.7,15.8,118.9,61.9,156.8,49.8,60.9,115.8,64.4,39.3,60.4,53,52.4,80.6,23.9,105.9,111.7,48.4,74.1,41.4,155.2,48.8,83.1,85.9,63.5,87.3,26,144.2,34.3,16.7,168.2,65.3,211.5,174,0,59.5,126.5,202,27.9,165.6,154.5,58.7,62.4,99.1,59,161.9,89,72.2,154.8,134.3,64,17.6,54.6,139.8
海棠花溪,47.6,43.1,61.3,17.4,54.5,21.4,126.8,58.9,29.6,19.5,32.2,14.7,16.7,51.1,28.1,34.9,27.2,65.4,51.9,43.5,62.1,48.3,144.9,29.2,79.4,33.3,113.7,33.3,79,82,43.6,99.9,45.4,93.6,84.2,48.8,10.8,27.7,35,58.5,31.8,53.2,56.9,64.8,51.2,50.8,20.6,85.4,104.8,64.1,28.4,61.4,52.2,29.3,46.7,106.5,106.7,94.3,54.6,192.3,143.1,29.1,91.7,72.8,81.3,4.4,77,39.9,86.7,62,42.5,139.4,108.3,68.7,105.4,36.5,97.5,32.9,51.3,29.4,62.1,95.4,55.3,17.1,17.1,127.3,37.2,29.8,46.8,76.5,30.5,77.8,18.6,28,93.5,120.8,62.7,46.7,59,92.5,85.2,19.8,20.7,48.1,43,59.6,8.7,31.9,44.6,55.3,68.2,40.9,85.2,57.3,13.8,27.8,125.8,103.1,21,48.9,38.9,60.1,41.8,74.8,37.1,49.8,105,72.4,155.8,117.7,56.2,0,56.7,150.5,41.5,137.7,99.7,31.9,29.2,113.8,14.5,93.9,34.7,95,93.4,89.9,89,46.3,43.2,70.1
八达岭水关长城,74,110.5,93.6,77.8,138.9,97.9,145.7,133.4,73.5,102.8,90.7,76.8,96.2,125.3,91.1,104.3,82.3,26.4,124.7,79,136.4,45.4,147,90.8,112.1,101.2,149.6,101.2,102.8,111.9,115.8,133.2,128.7,107.3,101.4,115.6,73.5,109.2,105.3,127.4,64.7,72.3,126.3,88.9,76.7,107.5,75,133.5,143.1,64,90.8,126.5,54,92.2,134.2,93.8,100.3,100.4,125,211,100,87.7,48.8,75.3,87.1,75,154.5,107.1,96.2,86.4,124.1,142.5,145,97.6,62.8,106.9,130.6,86.6,119.5,90.3,149.2,125,54.6,74.5,86.8,130.9,115.5,91.4,19.9,106,110.2,81.5,88,87.5,116,121.3,136.7,121.5,84.3,117.9,81.3,87.5,96.6,55.3,125.8,91.3,73.4,113,103.2,88.4,147.6,61.1,111.2,138.7,74,107.5,165,109.4,70.8,48.8,74.2,97,111,34.7,107.6,137.3,62.3,87.8,177.9,143.5,126.3,73.4,0,113.3,107.9,174.2,123.7,78.6,69.4,120.7,67.1,49.1,67,102,52.5,112.4,89.8,119.5,116,35.6
黑龙潭,205.9,202,230.6,181.8,223.8,187.7,173.2,220.8,194.8,175.9,190.5,176.5,172,220.4,187.8,176.7,179.4,111.3,217.1,210.7,229.1,127.2,259.9,192.1,244.4,198.9,184.7,196.4,96.6,126.1,201.1,260.9,198.5,210.9,210.6,209.3,166.7,184.2,161.5,229.4,135.2,178.7,215.1,93.8,178.7,205.7,176.3,242.4,175.4,163.1,187.2,237.7,142.8,191,219.6,192.5,112.3,207.7,210.7,311,29.7,186.2,85.6,192.1,209.8,162.4,235.4,202.9,168.3,97.9,213.2,247.6,188.9,127.6,119.2,197.5,206.6,185.2,222.3,193.2,221.6,198.5,152,178.7,180.8,208.5,190.9,194.4,123.4,262.8,196,191.6,175.5,192.9,196.1,232.9,227.2,207.1,90.5,195.6,127.3,175.9,165.9,132.6,200.9,226.1,161.2,189.2,238,219.6,236.8,159.1,137.4,204.4,166.2,190.6,199.4,227.8,174.8,147.6,204.8,226.3,203.2,104.6,197.2,220.8,142.3,200.1,165.7,102.9,230.5,165.9,109.8,0,205.5,199.2,120.6,201,191.6,235.9,175.3,67,133.6,219,121.2,150.3,206.3,210.2,188.9,110.2
天安门广场-国旗,75.2,4.7,52.1,23.8,21.1,30.1,167.1,35.9,53.6,32.6,16.9,23.2,35,28.4,14.9,47.5,67.1,111.1,29,62.2,50.1,93.3,136.8,24.4,96.3,12.9,129.9,31.1,123.8,123.2,12.3,117.7,18.6,94.7,72.7,23.3,47.7,42.6,51.1,22.4,69.5,53.2,18.4,112.2,78,16.6,44.5,59.3,121.2,92.8,34.6,22.6,96.7,24.2,25,103.7,153.3,83.1,28.7,165.2,193,21,139.4,59.9,69.8,39.4,37.9,3.6,136.6,110.4,19.8,128,125.5,113.1,154.2,33.4,68.7,18.3,22.8,36.4,41.1,61.1,74.3,25.4,27.5,132.8,21.5,37.3,91.2,63.8,19.2,65.3,34.8,39.2,70.8,109.7,47.1,10.9,106,66.1,137.3,34.9,49.2,93,53.3,49.4,35.1,42.5,46.4,72.5,42.5,84.2,100.1,41.7,50.3,16.8,147.8,69.4,62.5,94.6,56.4,79.4,4.9,121,13.5,28.4,153.7,58.6,199.5,160.6,18.1,34.5,103.3,188,0,155.1,140,53.7,53,110.7,41.5,144.4,76.2,83.4,139.5,121,75.5,10.5,47.4,116.7
平谷桃花海,148.2,142.8,194.7,125.5,144.7,122.2,116,170,139.9,118,134.5,123.4,116.5,164.9,132.4,92.6,127.7,158.9,129.3,147.7,141.3,138.9,224.3,139.8,179.5,134.2,36.4,146.7,102.5,128.5,142.2,196,137.5,219,206.8,156.8,115,116,88.2,152.3,98.8,180.8,156.5,92.3,155.7,153.2,130.3,123.2,26.1,140.8,140.5,162.8,109.5,144.8,145.5,176,144.2,184.9,162.9,205.1,194.7,136.2,175.3,183,181.7,118.1,125.9,138.7,163.4,89.5,136.1,266.6,38.4,74.7,191.9,148.6,97.6,136,161.3,140.4,99.2,100.8,135.9,124.2,124.5,204.7,128.3,141,123.7,155.8,132.9,205.7,117.4,145.2,98.3,198.2,141.5,145.9,86.5,96.2,137.8,117.2,103.1,125.7,128.8,191.7,115,119,172.6,153.2,127.8,114.3,60.9,112.1,111.1,131.1,47.7,133.1,118.2,131.3,141.5,163.1,142.2,158,134.1,147.1,188.9,195.5,141,134,156.7,119.8,138.2,174,144,0,113.1,142.1,130.2,200.8,130.2,175.2,90.7,167.2,186.5,50.8,223.2,147.9,93.3,157.1
黑龙潭自然风景区,137.6,154.1,182.2,124.7,164.8,121.9,94.1,174.6,126.1,124.6,133.9,121,117.3,169.3,131.3,109.8,114.5,125.7,161.6,132,175.6,111.9,214.3,142.8,169.6,132.5,119.6,151.6,41.8,75.2,153.2,187.5,150.6,168.6,163.6,160.7,101.3,123,102.6,170.6,76,135.3,164.6,44.6,143.7,149.4,121.8,188.5,110.8,120.8,137.1,179.7,85.9,141.8,161.1,152.1,122.9,161.8,164.2,270.4,129.8,131.3,175.8,139.5,157.9,106.4,175.1,137.2,144,48.5,159.7,201.7,124.8,62,161.5,148.8,148.8,131.1,172.5,144.4,159.1,152.8,113.3,123.7,125.8,180.2,138.9,145.2,105,196,130.3,144.1,123.3,143.4,132.7,191.8,175.3,159.2,42.1,151.9,117.8,124,102.9,105.4,138.6,178.9,105.1,127.4,164.4,145.9,177.6,91.5,74.6,139.1,99.3,131.7,132.8,184.5,107.7,108,128.2,150.1,153.3,132.6,137.6,163.5,162.2,153.4,108.8,18.9,173.4,107.8,115.5,108.8,138.6,129.1,0,133.6,123.6,191.4,116.8,152,68.5,174.7,151.6,68.1,160.6,160.9,117.2,129.6
北坞公园,41.3,76,58.5,51.5,79.8,64.6,178.7,64.9,21.9,58.8,66,49.5,59.7,51.4,66.1,78.4,61.9,96.4,77.7,24.6,55.2,70.2,130.4,38.2,60.5,78.5,157.8,38.5,134.5,129.7,83.2,81.7,73.3,91.1,73.2,58,48.2,72.5,78.5,77.2,78.4,48.9,62.4,119.2,34.8,82.8,23.9,94.5,146.9,73,27,71,79.4,44.8,78.5,100.5,126.3,83.6,49.1,178.5,163.4,62.3,115.5,61.2,76,43.5,67.5,73.9,110.3,117,76.9,128.2,151.7,126,136.6,37.2,144.5,46.6,44.7,32.2,97.2,128.9,59.6,35.3,55,126.2,70.5,47.5,73,71,74.9,68.5,58,45.8,128.2,118.6,58.7,76.9,113.7,127.7,108,59.7,63.9,71.1,90,55.6,41.4,76.9,32.7,37.1,62.4,67.8,137.5,109.9,51.3,72.3,171.7,86.3,58.2,57.2,20.7,39.8,79.6,104.5,83.7,78.9,137.6,61.9,209.3,168.6,76,41.3,86.1,177,77,179.3,148.6,0,22.9,107.3,38.2,115.6,84.8,89.9,127.3,137.7,74.8,72.2,90.8,100.4
万寿山,22.3,69.6,69,37.5,82.2,49.4,146.1,63.7,3.3,49.1,49.4,33.9,46.6,46.2,49.7,58.4,41.6,72.5,77.4,28.2,64.8,49.4,125.1,35.5,64,57,133,31.6,105.9,105.2,79.9,85.6,78.5,90.2,70.6,39.7,32.5,57,58.8,77.5,54.5,47,66.6,92.4,23.7,64.8,17.6,91.3,125.2,59.9,25.1,75.9,56.2,41.5,85.7,99.2,103.8,83.2,43.3,177.3,143.3,48.4,93.4,60,69.1,32.8,76.3,67.6,91.2,91.3,76.5,126.4,126.5,99.2,111.9,30.6,131.4,44.3,48.9,31.1,94.2,125.3,47.1,32.4,43.6,121.4,69.5,33.8,52.6,66.2,59.9,67.1,48.8,33,131.4,110.7,67,73.8,88,128.8,85,49,52.6,50.5,70.2,66.3,30.2,59,42.9,40.8,70.7,46.6,114.3,92.3,33.7,56.5,149,82.9,32.8,41.3,24.4,44.2,71.5,80.7,63,86,110.4,60.3,181.5,141.1,76.4,29.7,62.6,156.6,67.9,163.9,121.5,23.2,0,105.5,29.5,94.3,61.1,83.2,102,112.3,74,72.6,70,77.2
张坊宋辽古战道,112.3,122.2,58.8,111.5,100.3,126.1,210.5,88.6,101.2,128,119.5,114.3,129.5,74.1,114.5,146.1,133.7,123.2,128.5,79.6,67.5,98.5,27.1,106.5,114.6,115.4,173.4,85.8,163.1,168.6,111.2,134.5,114.6,101.2,84,98.7,113.8,128.1,145.1,99,130.2,65.1,88,151.7,121.1,111.4,90.2,80.9,167.1,88,95.8,88.2,113,110.5,96.2,101.1,152.7,57.1,90.2,163.7,184,118,140.9,50.9,49.8,111.5,78.8,116.5,123.5,148.5,122.8,112.4,160.8,175.8,149.2,83.7,116.8,118.4,81.3,103.2,102,113.5,69.5,110.7,123.2,109.7,129.5,108,98.9,60.9,126.2,54.4,120.2,101.2,104.3,44.6,69.9,106.5,146.6,106.1,133.7,118.6,130.1,87.9,135.5,55.4,106.6,123.7,73.8,87.7,71.4,116.4,187.6,126.4,118.2,121,187.4,59,115.4,77.9,74.2,98.2,118.5,120.3,119.4,97.8,150.8,69.9,235.2,200.1,97.7,106.7,108.8,195.7,116.2,197.2,181.3,83.2,98.2,0,103,140.9,133.4,52.7,138.4,170.1,54,100.6,130.8,116.8
中国地质大学(北京)博物馆,32.3,51.6,67,22.3,74.7,33,142.9,56.9,23.6,31.2,34,20.6,29.2,47.5,34.4,45.2,39.3,64.6,63.2,36.4,64.8,47.3,146.7,23.4,71.2,43.4,124.4,30.6,103.7,104,70.3,92.8,66.1,100.4,84.8,42.4,20.1,41.5,48.5,65,52.5,57.3,53.8,91.2,46.1,54.1,16.9,102.4,115.1,68.9,24.1,64.8,48.4,27.4,68.8,110.3,102.3,97.1,48.1,190.6,141.3,30.8,88.3,73.4,84.9,15.8,75.4,48.2,85,88.5,61.8,140.4,118.6,97.5,102.3,33.7,134.4,30.1,47.4,21.7,79.5,129.3,61.2,19.4,28,135.8,56.3,22.3,45.7,77.2,41.2,80.3,29.8,20.3,114.2,125.5,66.5,65.7,86.2,115.8,84.9,28.8,36,46.4,57.4,64.7,17.9,46.2,50,49.1,68.7,41.3,103.7,72.9,22.2,38.4,138.4,100.1,30.4,48,33.2,53.7,53.4,73.3,48.6,74.5,103.6,73,177.8,139.1,63.7,16.3,55.3,169.2,51.7,151.3,118.9,27.5,23.1,118.9,0,93.4,58.6,100.6,93.1,109.8,98.5,66.2,67.6,69.7
永宁古城,111.3,146.4,130.1,115.4,162.2,134,185.1,163.6,108.7,139.7,128.5,116.9,133.9,141.6,128.8,136.6,121,48.2,163.8,113.9,164.3,65.4,178.3,128.6,152,133.9,199,134.6,131.3,102.2,142.9,171.1,159.8,140.9,136,148.6,108.6,143.8,140.4,161.6,103.3,108.3,153.4,127.2,111.1,141.9,117.7,166.1,192,93.7,130.9,158.8,98.1,128,168.2,127.2,80.6,131.9,149,241.2,52.4,124.3,29.6,109.6,124.2,114.5,175.3,140,104.6,115,154,172.3,198.6,133.7,63.8,135.3,174.9,124.9,159.2,134.5,182.3,183.7,84.2,114.3,126.8,146.1,149.5,135,61.2,142.9,144.6,115.9,125.1,132.9,177.5,158.8,166.4,159.4,124.6,177.2,81.3,123.4,134.3,69.3,159.1,130,112,148.4,140,127.3,171.5,97.9,149.7,171.1,111.8,143.9,216.3,145.4,109.1,79.1,109.4,131.1,147.6,35.9,138.9,168.9,75.2,124.7,224.2,135.3,163.2,112.5,46,67,142.2,221.1,152.6,116.8,106.3,155.5,107.5,0,112.9,137.7,59.3,149.9,127.7,162.9,150.5,39.1
小汤山现代农业科技示范园,56.9,91.4,74.8,60.8,108.2,62.1,104.2,116,54.4,51.3,73.8,59,48,107,74.4,48.9,60.3,48.6,96.5,59.6,123.8,30.9,127.2,73.6,96.6,76.8,98.3,81.8,59.7,62.4,98.1,117.3,89.7,86.7,85.1,98.8,39.3,54.9,42.9,112.8,22.9,54.5,107.8,44.1,60.4,92.3,56.6,125.7,88.6,45.1,72.7,107.1,15.3,73.3,99.5,74.5,79.2,81.2,107.5,198.1,118.8,70.2,72.7,56.1,70.2,39.9,117,87.8,67.9,42,91.7,125.2,93.7,47.2,81.6,88.1,79.7,70,103.5,73.7,95.9,67.5,36.1,57.4,57.8,101.9,77,74.2,30.8,89.1,70.2,64.8,50.1,71.7,66.9,106.7,123.9,99.8,39.3,66,55.3,50.5,41,29.9,72,73.5,38.3,59.2,85.4,73.1,120.8,21.2,62.8,80.6,37.5,68.1,110.6,93,56.1,30.5,57.1,80.5,93.9,57.1,91,103.1,85.5,71.1,134.4,96.9,110.7,41.4,39.3,129.2,91.7,121.4,77.3,64.2,52.6,102,52.2,71.7,0,81.6,74.9,67.5,73.5,99.7,57,53.7
窦店清真寺,84.1,87.3,32,76.7,67.1,96.1,184.9,59.1,68.6,99,89.8,73.8,106.4,44.4,85.9,116.3,108.6,99.1,104.8,50.6,46,72.5,75.8,69.1,85.2,87,141.8,53.3,138.8,142.4,76.7,106.5,81.9,76.1,62.7,61.8,83.7,99.3,116.7,68.3,124.9,43.3,58.8,126.2,87.3,78.5,58.4,49.9,130,66.3,63,55.2,83.5,72.5,62.6,75.8,132.9,45.4,57.1,124.2,162.1,80.5,119.7,30.1,26.4,80.8,49.2,87.5,102.4,121.7,89,95.5,133.8,143.6,128.7,51.5,74.3,81.5,49.9,66.5,70.8,66.5,49.6,72.4,83.5,103.3,96.9,74.5,77,37.4,95.2,35.5,93.9,70.1,67.5,33.2,42.2,75.2,121.7,66.8,114.7,94.6,109.5,67.2,108.4,30.1,79.5,97.8,43.4,61.9,43,113.2,122.3,99.8,98.6,92.5,151.8,27.5,92.7,55.7,46.5,67.9,85,99.8,91.8,65.4,131.3,50.9,211.8,179.1,66.9,79.5,88.6,175.1,89,167.2,161.3,54.9,69.5,51.9,73.8,120.9,130.5,0,118.3,149.9,33,68.3,107,97
松山森林景区,101.5,129.2,110.6,101.6,145,120.2,173.6,145.8,96.5,122.4,112.1,102.9,115.8,123.3,113.2,122.5,110.4,33.4,153.5,106.7,139.9,62.3,158.3,114.8,137.1,119.2,176.4,124.3,128.2,127.1,130.1,154.2,148.7,121.6,118.5,135.1,96.6,137.4,124.5,144.7,90,88,142.6,115,101.6,131.5,100.1,157.1,170.4,74.1,114.3,141.1,76.3,114.1,156.7,107.1,113.6,113.1,142.3,232.5,76.5,109.5,23.3,87,104.7,104.5,151.9,126.8,79.5,110.6,144.3,154.2,174.9,129.2,35,129.2,159.7,110,136.4,119.9,172,155.2,65.3,99.6,111.6,117.1,139.8,120.8,45.7,124,129.3,95.1,111.2,119.2,153,137.8,138.8,142.9,109.3,150.4,100.3,109.8,114.5,44.5,154.7,109.8,102.7,142.8,107.5,114.9,146.3,84.7,147.4,153.3,98.9,126.2,194.7,126.8,96.5,59.7,99.5,122.9,130.6,21.2,125.1,159.4,53.6,104.6,198.5,166.4,142.5,103.7,36,91.1,128.7,206.9,148.1,106.2,95.2,133.1,95.9,36.9,94,116.4,0,135.3,103.7,142.3,133.8,22.1
碧霞元君祠,128.2,137.6,169.8,110.5,141.2,109.8,80.2,160.6,116,111.3,120.8,106.1,104,154.8,116,87.7,102.7,110.7,123,122.1,163.4,98.1,194.2,129.7,156,124.5,56.3,136.9,70.2,82.9,136.2,174.2,131.6,153.5,149.2,149.4,86.8,110.1,82.8,142.6,65.5,121.1,149.2,60.2,131.4,142.2,106.4,150.3,45.8,106.4,125.7,151.6,74.2,128.6,138,136.8,112.2,145.1,154.9,198.3,161.9,123.3,134.1,123.8,138.5,91.8,147.7,128.2,128.9,58,127.1,185.2,59.7,54.9,146.2,138.9,113.9,122.2,151.7,130.3,124.8,99,99.6,108.4,107.9,163.4,116.4,128.9,90.8,178.3,116,129.9,101.3,126.8,95,177.9,158.9,138.4,55.5,96,105.3,101.8,92,90.5,129.2,169.7,90.8,114.2,149.2,132.8,151.8,80.8,41.1,102.3,83.9,113.9,67.8,144.1,93.5,94.6,117.5,138.9,135.5,119,125.9,134.9,147.1,139.1,123.2,82.7,144.7,93.6,101.4,141.8,137.7,64,64.9,124.5,112.3,174.6,101.9,147.9,58.3,156.9,137.5,0,145.6,140.3,81.9,115.8
南宫温泉水世界,79.1,82.3,28.1,73.7,62.4,92.9,177.5,54.4,64.6,96,88.7,71.7,104.7,40.9,85.5,113.2,101.8,90.5,100.5,47.5,37.7,66.5,80.1,66.1,82.5,84.7,156.4,49.5,132,135,75,103.2,80.5,69.6,56,58.6,80,116.3,119.8,64.5,119.1,37.3,54.1,119.8,84.7,75.2,54,56,148.8,60.2,59.8,52.3,79.7,70.4,58.1,68.5,125.5,46.9,55.5,142.8,154.3,79.8,112,18.6,9.8,77.6,49.7,85,93,115.8,82.3,97.2,151.6,138.7,120.8,48,97.3,80.1,48,63.6,76.7,88.9,43,69.8,83.4,95.9,89.6,72.7,68.5,37.5,93.1,23.7,93.5,70.5,87.4,53.4,40.4,72.1,116.2,88.7,104.8,94.1,106,60.2,136.2,26.4,76.1,123.5,40.9,59.6,44,113.2,157.2,114,97.3,90,170.1,44.2,93.5,49.2,43.9,65.3,82.3,92.7,89.8,61.1,122.7,44.3,201,171,63.8,75.8,80.5,167.8,87.8,179.4,153.6,51.3,67.2,53.9,71.4,112.3,128.7,34.1,110,140.4,0,66.8,116.2,89.3
前门大街,91.2,32.1,55.1,42,19.8,47.3,169.8,26.1,62,39.9,32.1,41.8,41.4,27,30.4,58.7,80.9,124.7,30.2,66.9,53,104.4,137.7,27.4,101.8,30,129.1,32.2,133.3,129.1,17.2,120.7,17.8,96.5,75.5,20.9,70.9,50.1,63.1,15.9,77.3,56.3,15.6,120.8,91.6,16.7,52.5,61.7,120.7,97,35.5,18.7,105.2,23.1,22.5,106.5,160.9,86,26.6,170.8,197,20.7,142,64,71.5,60.1,41.4,29.6,142.7,117.1,21.6,129.8,125.6,125.8,159.1,36,80.8,20.9,23.6,36.5,49.8,72.7,80.1,29.5,44.9,134.5,26.3,40,99.8,71.2,37.4,70.6,37.7,38.7,82.5,112.8,48.7,11.5,115.3,77.9,147.3,38.2,56.2,103.2,63,52.8,59.5,52,52.8,79.6,40,97.9,115.8,49.2,73.5,34.5,145.1,76.4,67.9,102.1,64.3,87.9,22.4,135.6,32.8,32,163.1,64.3,200.2,165.4,15,59.5,114.9,189.6,31.1,156.5,145.9,58.5,63.9,113,46.1,151.1,85.2,86.2,144.1,129.7,82,0,55.5,130.1
郎园STATION,63.5,56.2,102.4,30.6,66.3,32.9,120.2,86.8,52.1,35.6,44,27.6,31.7,77.9,37.3,9.7,37,93.4,54.8,59.9,94.2,75.7,171.4,49.3,97.3,45,87.5,54.4,73.8,76.9,55.9,116.5,48,132.5,117.5,68.7,27.7,22.7,9.1,64.8,26.3,94.2,80,59.4,70.4,68.5,37.4,71,77.7,96.4,45.6,74.5,47.1,47.9,50.3,143.4,100.4,126.3,75.7,188.8,160.2,46.5,110.1,105,114.8,24.5,74.3,50.6,114.1,56.5,43,163.2,82.7,67.8,127.2,58,69.2,44,74.5,41.6,46.7,61.5,88.3,29.9,29.8,167.1,36.9,51.9,68.7,112.8,37.3,111,24.8,49,69.9,150.4,90.3,56.6,54.1,67.4,89.5,25.2,16.3,75,40.1,100.3,22.5,29.3,85.8,71,78.2,50.3,63.4,31.2,24.4,37.4,102.7,98,33,74.6,55.2,78.2,56.2,102.3,49.6,54.3,132.6,104.2,149.6,112.5,69.5,24.9,83,141.8,58.4,115,93.4,61.9,49,143.4,48.2,113.1,30,127.5,112.7,84.8,123.5,58.9,0,98
北京世园飞行营地,101.5,136.8,107.9,105.8,153.1,126.2,166.1,158.3,97.9,129.9,122.6,106.8,121.9,116.8,121.5,130.2,104.2,33.6,161.1,102.1,132.2,54.9,157.2,117.9,131.8,129,177,130.2,123.8,117,137.8,148.4,154.5,117.4,112.2,139,95.6,141.8,131.3,148.6,90.2,87.6,147.3,111.2,100.2,140.2,101.5,152.7,167.3,72.3,119,146.2,72.6,118.1,155.1,102.7,106.8,110.5,148.1,223.4,92.7,111.8,39.2,87.4,103.2,103.7,145.7,133.1,78.3,108.2,148.8,151.9,169.4,127.4,49.6,134.8,159.5,112,145.8,123.5,171.3,163,63.3,101.5,114.5,124.5,143.9,123.5,44.2,121,135.8,93.7,113.2,120.8,149.9,134.8,131.9,144,106.8,161,87.4,111.5,118.4,41.8,155.9,107.6,101.2,145.6,103.9,108.5,141.6,83.7,145.1,150.2,96.6,133.8,188.9,128.5,92.4,57.2,99.4,122.8,136.8,4.4,131,156.2,40.3,102.3,198.6,175.4,149.4,102.2,35.2,107.6,133.3,196.6,146.9,102.5,91.3,134.4,91.2,41.2,96.3,117.5,39,133.6,106.8,148.6,138,0
